STN,YYYYMMDD,DDVEC,FHVEC,   FG,  FHX, FHXH,  FHN, FHNH,  FXX, FXXH,   TG,   TN,  TNH,   TX,  TXH, T10N,T10NH,   SQ,   SP,    Q,   DR,   RH,  RHX, RHXH,   PG,   PX,  PXH,   PN,  PNH,  VVN, VVNH,  VVX, VVXH,   NG,   UG,   UX,  UXH,   UN,  UNH, EV24
240,20210101,  211,   20,   23,   30,    2,   10,    8,   50,   12,   21,  -22,    3,   64,   14,  -41,    6,   18,   23,  217,    7,    5,    5,   10,10080,10109,   24,10057,    1,    1,    3,   70,   12,    6,   94,   98,    1,   86,   12,    2
240,20210102,  151,   14,   19,   30,    1,   10,    4,   50,   24,   26,    2,    7,   45,   13,  -13,   12,   34,   44,  253,    6,    8,    6,    1,10132,10152,   23,10113,    1,    1,   10,   60,    2,    7,   98,   99,   10,   95,   24,    3
240,20210103,   51,   47,   48,   70,   17,   20,    1,  120,   17,   37,   28,    4,   45,   12,   23,    6,    3,    4,  141,    0,   -1,   -1,    1,10171,10183,   19,10154,    1,   44,    8,   75,   16,    8,   84,   94,    2,   73,   17,    2
240,20210104,   48,   75,   75,   90,   11,   60,   24,  150,   11,   32,   25,   16,   39,    1,   23,   18,    0,    0,   91,   34,   11,    3,    3,10184,10195,   10,10174,    3,   61,    3,   75,   12,    8,   83,   89,    3,   79,   20,    1
240,20210105,   55,   62,   63,   70,    1,   50,   12,  110,    1,   32,   23,    3,   36,   17,   21,    6,    0,    0,   80,    0,   -1,   -1,    1,10184,10190,   21,10176,    5,   60,   20,   70,    1,    8,   87,   91,   20,   84,    1,    1
240,20210106,   20,   25,   36,   60,    1,   20,   14,  110,    5,   24,   13,   19,   35,   14,    4,   24,    0,    0,  130,   19,    3,    2,   22,10169,10186,    1,10145,   24,   62,   22,   75,   14,    8,   85,   94,   23,   77,   14,    2
240,20210107,  312,   35,   38,   70,   15,   20,    5,  110,   15,   31,   13,    1,   48,   12,   10,    6,    0,    0,  135,  161,   64,   18,   20,10124,10141,    1,10115,   14,   50,   20,   75,   12,    8,   89,   95,    6,   78,   12,    2
240,20210108,  343,   10,   15,   30,    2,   10,    5,   40,    2,   16,  -32,   24,   50,   14,  -58,   24,   40,   50,  303,   18,    3,    2,    2,10165,10213,   24,10119,    1,    2,   23,   75,   14,    5,   92,   99,   24,   77,   14,    3
240,20210109,  302,   13,   17,   40,   14,   10,    1,   80,   21,    1,  -44,    3,   63,   13,  -70,   12,   50,   63,  368,    0,   -1,   -1,    1,10239,10251,   21,10215,    1,    1,    1,   75,   12,    3,   90,   98,    1,   78,   12,    4
240,20210110,  223,   36,   37,   50,   13,   10,    1,   80,   13,   28,  -24,    1,   52,   12,  -51,    6,   17,   21,  199,    0,   -1,   -1,    1,10230,10247,    2,10204,   24,   58,   24,   75,   11,    8,   88,   92,    1,   78,   11,    2
240,20210111,  229,   73,   75,  100,   22,   50,    1,  160,   24,   59,   40,    1,   78,   24,   38,    6,    0,    0,   74,   45,   37,   12,   19,10142,10201,    1,10066,   24,   27,   19,   75,   11,    8,   86,   93,   19,   73,   13,    1
240,20210112,  293,   52,   60,  100,    2,   30,   18,  150,    2,   51,    4,   23,   83,    5,  -16,   24,   37,   46,  341,   74,   90,   20,    4,10095,10166,   24,10032,    5,   56,    3,   80,   11,    5,   83,   93,    1,   65,   11,    4
240,20210113,  289,   54,   58,   80,   11,   10,   24,  140,   11,   46,   17,    1,   64,   12,    6,    6,   41,   50,  363,    6,    4,    1,    1,10154,10175,   24,10139,   17,   65,    3,   80,    5,    8,   77,   88,    1,   69,    5,    5
240,20210114,   78,   36,   39,   60,   14,   10,    1,  100,   14,   18,    2,   24,   37,    1,   -8,   24,   15,   18,  233,    0,    0,    0,    1,10202,10241,   24,10176,    1,   70,    4,   75,    1,    8,   77,   85,    7,   70,    2,    3
240,20210115,  359,    4,   20,   50,    1,   10,   10,   80,    1,   16,   -2,    1,   29,   14,  -12,    6,    0,    0,   84,    0,    0,    0,    1,10286,10303,   21,10246,    1,   70,   10,   80,    2,    8,   78,   89,   24,   66,    2,    1
240,20210116,  183,   52,   54,   80,   13,   20,    2,  120,   13,    9,   -8,   17,   25,    7,   -7,   18,    0,    0,  112,   38,   14,    5,   15,10216,10289,    1,10147,   24,   22,   15,   80,    9,    8,   84,   96,   18,   66,   12,    1
240,20210117,  282,   31,   39,   70,   14,   10,    6,  110,   14,   39,    2,    1,   82,   13,    1,    6,   27,   33,  330,    5,    5,    3,   14,10185,10229,   23,10140,    3,   17,    2,   67,   23,    7,   91,   98,    5,   82,   13,    4
  240,20210118,  235,   54,   57,   80,   11,   30,    1,  120,   12,   52,   13,    2,   70,   12,    0,    6,    0,    0,  168,    0,   -1,   -1,    1,10191,10222,    1,10137,   24,   57,   24,   70,   13,    8,   88,   95,    4,   82,   14,    2
  240,20210119,  222,  101,  108,  130,   16,   90,    1,  210,   16,   80,   49,    4,  103,   13,   47,    6,    2,    2,  101,  106,  183,   34,    8,10038,10121,    1, 9998,   24,   30,   11,   70,   16,    8,   88,   98,   10,   81,   16,    1
  240,20210120,  191,   97,   99,  120,   21,   80,   14,  180,   21,   90,   73,    2,  108,   22,   70,    6,    7,    8,  173,    0,   -1,   -1,    1, 9932, 9993,    1, 9840,   24,   69,    6,   83,   15,    8,   72,   84,    4,   59,   21,    2
  240,20210121,  211,   93,   98,  150,    4,   20,   21,  260,    4,   67,   37,   22,  111,    3,   35,   24,   36,   43,  321,   66,   75,   17,    4, 9855, 9885,   11, 9797,    3,   57,   21,   80,    9,    7,   77,   94,   23,   69,    9,    4
  240,20210122,  234,   51,   56,   90,   13,   30,   21,  130,   11,   43,    8,   22,   72,   12,   -7,   24,   49,   58,  408,   16,    9,    7,    1, 9912, 9955,   22, 9840,    1,   65,   21,   80,   12,    6,   82,   92,   21,   67,   12,    5
  240,20210123,  205,   26,   34,   70,    8,    0,   20,  110,    8,   31,    5,   23,   60,   12,   -9,   24,   28,   33,  302,   14,   14,   10,   18, 9937, 9944,    1, 9928,    6,   58,   18,   80,   13,    8,   87,   94,   21,   65,   13,    4
  240,20210124,  224,    6,   27,   40,   13,   20,    1,   80,   14,   15,  -16,   24,   54,   12,  -32,   24,   31,   36,  384,    6,    9,    6,    5, 9977, 9990,   10, 9941,    1,   62,   24,   80,   13,    7,   86,   95,    6,   68,   13,    4
  240,20210125,  270,   38,   46,  100,   21,   10,    4,  170,   23,   23,  -45,    7,   64,   13,  -66,   12,   60,   69,  554,   15,   25,   11,   19,10047,10088,   24, 9987,    1,    8,    8,   80,   13,    5,   84,   98,    8,   68,   13,    6
  240,20210126,  265,   43,   59,  100,    1,   40,    8,  160,    1,   44,   26,   24,   66,   14,   16,   12,   32,   37,  325,   14,   20,    9,   12,10149,10174,   15,10094,    1,   61,    5,   75,    1,    7,   82,   88,   20,   76,   15,    4
  240,20210127,  230,   43,   54,   90,    4,   10,   24,  130,    4,   51,   19,    5,   74,   14,   18,    6,    0,    0,  134,   31,   10,    6,    6,10101,10136,    1,10086,    7,   15,    8,   70,    2,    8,   92,   96,   10,   87,    3,    2
  240,20210128,   95,   33,   36,   50,    8,   10,    1,   80,   12,   48,   40,   20,   57,    1,   37,    6,    0,    0,   95,   91,  105,   19,    7,10022,10088,    1, 9977,   24,    3,   24,   65,    1,    8,   94,   98,   24,   91,    7,    1
  240,20210129,  270,   56,   81,  110,    9,   40,    1,  180,   18,   71,   20,   24,   96,   11,   17,   24,   14,   16,  289,   64,   84,   18,    8, 9948,10026,   24, 9902,    5,    3,    1,   75,   22,    8,   88,   99,    1,   79,   23,    4
  240,20210130,   70,   62,   64,   80,    8,   40,    1,  120,    8,    5,  -20,   24,   21,   13,  -26,   24,    0,    0,  259,    0,    0,    0,    1,10030,10049,   24,10015,   13,   59,   23,   75,    1,    8,   79,   87,   23,   72,   13,    3
  240,20210131,   81,   46,   47,   60,   19,   30,    8,   90,   14,   -8,  -42,    7,   22,   14,  -54,   12,   71,   79,  571,    0,    0,    0,    1,10010,10058,    8, 9932,   24,   56,    8,   81,   13,    6,   79,   90,    7,   61,   14,    6
  240,20210201,   39,   20,   30,   50,    1,   10,   20,  120,   15,    8,    0,   19,   18,   14,   -6,   24,    0,    0,  170,   76,   17,    3,    2, 9961,10028,   24, 9914,    4,   16,   14,   65,    1,    8,   92,   95,    9,   86,    1,    2
  240,20210202,  143,   22,   36,   60,   10,   10,    1,   90,   10,   42,   -5,    3,   89,   19,  -16,    6,    0,    0,  151,   69,   59,   33,   24, 9981,10026,    2, 9959,   14,   14,   11,   63,    1,    8,   93,   97,   16,   86,    1,    2
  240,20210203,  228,   45,   50,   80,    2,   20,   11,  140,    1,   82,   71,   20,  101,    2,   64,   12,    0,    0,   92,   74,  132,   36,   14, 9963,10037,   24, 9929,   12,   32,   11,   70,   23,    8,   92,   97,   11,   86,    3,    1
  240,20210204,  192,   19,   45,   80,    1,   30,    8,  120,    1,   67,   27,    8,   92,   14,   13,   12,   36,   39,  480,   12,    6,    4,   23,10111,10133,   11,10047,    1,   58,   12,   70,    1,    7,   88,   96,    7,   81,   14,    6
  240,20210205,  106,   26,   27,   50,    2,   10,   18,   70,    2,   66,   49,    4,   87,   15,   42,    6,    2,    2,  192,   34,   42,   16,   16,10108,10115,   19,10100,    6,   29,   18,   61,   13,    8,   93,   98,   19,   89,    6,    3
  240,20210206,   71,   78,   78,  120,   20,   30,    1,  220,   21,   26,  -12,   24,   63,    1,  -13,   24,    0,    0,  169,   26,   15,    5,   10,10091,10110,    1,10044,   24,    7,    5,   75,   19,    8,   90,   98,    4,   78,   19,    2
  240,20210207,   63,  120,  121,  140,    6,  100,   23,  220,    9,  -38,  -50,   24,  -11,    1,     ,     ,    0,    0,  169,  177,   54,    6,    1,10021,10036,    1,10014,   14,    5,    5,   57,   20,    8,   84,   90,    1,   79,   12,    2
  240,20210208,   70,   81,   81,  110,    4,   40,   21,  170,    2,  -45,  -54,    9,  -30,   23,     ,     ,    0,    0,  364,   33,   13,    5,   13,10036,10059,   24,10021,    4,   16,   13,   75,    5,    8,   78,   85,   13,   75,    5,    3
  240,20210209,   63,   47,   48,   60,    6,   40,    1,  110,   10,  -27,  -56,    4,  -16,   17,     ,     ,   55,   58,  593,    0,    0,    0,    1,10088,10104,   23,10061,    1,   65,    8,   80,   16,    7,   74,   85,    3,   69,   16,    6
  240,20210210,   52,   37,   40,   60,    1,   10,   24,  100,    1,  -33,  -71,   24,  -10,   14,     ,     ,   69,   72,  672,    0,   -1,   -1,    1,10164,10253,   24,10104,    1,   59,   17,   83,   14,    6,   76,   90,   24,   64,   14,    6
  240,20210211,   89,   14,   19,   40,   20,    0,    7,   60,   14,  -50, -105,    5,    1,   13, -125,   12,   89,   92,  980,    0,    0,    0,    1,10302,10330,   23,10259,    1,    1,    3,   83,   16,    1,   76,   98,    3,   55,   12,    8
  240,20210212,   78,   60,   60,   80,   13,   30,    1,  130,   12,  -49,  -79,    5,  -31,   14,     ,     ,   87,   90,  888,    0,   -1,   -1,    1,10355,10389,   24,10330,    1,   63,    8,   80,   11,    2,   71,   82,    8,   65,   20,    8
  240,20210213,  106,   52,   53,   70,   23,   40,    5,  100,    2,  -46,  -85,    8,   -7,   16,     ,     ,   89,   91,  924,    0,    0,    0,    1,10392,10405,    9,10377,   23,   75,    3,   83,   10,    2,   62,   78,    6,   48,   15,    8
  240,20210214,  140,   64,   64,   80,   18,   40,    5,  120,   19,   -8,  -61,    7,   30,   15,     ,     ,   79,   80,  776,    0,    0,    0,    1,10331,10381,    1,10270,   24,   80,    4,   83,    1,    8,   55,   68,    5,   46,   14,    8
  240,20210215,  177,   57,   61,   80,    1,   40,   21,  120,    2,   26,   11,    2,   46,   19,     ,     ,    0,    0,  138,   66,   76,   21,    9,10215,10266,    1,10194,   15,   17,   16,   83,    1,    8,   85,   97,   15,   50,    1,    2
  240,20210216,  195,   53,   58,   80,   23,   40,    2,  130,   24,   69,   35,    2,  103,   14,    0,    6,   18,   18,  463,   24,   17,    8,   19,10124,10198,    1,10082,   17,   38,    4,   75,   11,    8,   87,   96,    5,   73,   14,    6
  240,20210217,  208,   61,   66,   90,    1,   50,    6,  130,    3,   88,   54,    6,  106,   14,   48,    6,    6,    6,  369,   24,    6,    2,   15,10135,10146,   18,10109,    1,   56,   18,   70,   23,    8,   86,   93,    6,   80,   14,    5
  240,20210218,  177,   57,   72,   90,   10,   50,    1,  140,   10,   82,   42,   23,  115,   14,   34,   24,   14,   14,  441,   33,   38,   16,   18,10077,10132,    1,10030,   15,   61,   16,   80,   12,    7,   80,   92,   17,   66,   13,    6
  240,20210219,  178,   57,   59,   80,   16,   40,    7,  120,   16,   68,   24,    7,   97,   15,   13,   12,   52,   51,  664,    0,    0,    0,    1,10132,10147,    8,10113,    1,   60,    3,   75,   13,    6,   83,   93,    3,   72,   15,    9
  240,20210220,  155,   65,   65,   80,   12,   40,    4,  120,   12,  118,   87,    1,  160,   14,   80,   12,   87,   85,  814,    0,    0,    0,    1,10101,10117,    2,10083,   16,   70,    1,   81,   13,    8,   72,   85,    7,   56,   15,   12
  240,20210221,  153,   36,   39,   60,   12,   20,   17,   90,   12,  110,   79,   19,  162,   15,   43,   18,   60,   58,  783,    0,    0,    0,    1,10122,10133,   24,10102,    1,   70,    7,   83,   17,    5,   72,   82,    7,   55,   13,   12
  240,20210222,  181,   41,   44,   60,   13,   20,   23,   90,   15,  115,   76,    3,  158,   13,   61,    6,   60,   58,  675,    0,    0,    0,    1,10176,10236,   23,10133,    1,   71,   24,   83,    7,    6,   65,   74,    1,   54,   14,   10
  240,20210223,  191,   54,   57,   90,   14,   30,    2,  130,   15,  122,   80,    2,  165,   15,   57,    6,   48,   46,  670,    0,    0,    0,    1,10267,10280,   17,10240,    1,   63,    5,   80,   12,    7,   77,   86,    2,   63,   14,   10
  240,20210224,  189,   55,   57,   80,    1,   40,   18,  120,   15,  131,   93,    7,  180,   13,   83,   12,   75,   71,  868,    0,    0,    0,    1,10262,10278,    1,10245,   24,   65,   24,   83,   17,    7,   70,   86,    7,   48,   15,   14
  240,20210225,  245,   21,   40,   70,   12,   20,   20,   90,   11,   99,   70,   24,  157,   11,   56,   24,   52,   49,  833,    0,   -1,   -1,    1,10266,10314,   23,10233,    3,   61,    6,   75,   12,    8,   82,   91,    6,   65,   11,   12
  240,20210226,  306,   31,   33,   60,   13,   10,    1,   90,   13,   56,   15,   24,  100,   13,  -19,   24,   92,   87, 1094,    0,   -1,   -1,    1,10353,10389,   24,10312,    1,    1,   24,   79,   13,    2,   86,   99,   24,   63,   13,   14
  240,20210227,  345,   10,   15,   40,   18,   10,    1,   60,   18,   49,   -1,    2,  101,   15,  -25,    6,   62,   58,  894,    0,    0,    0,    1,10406,10420,   11,10391,    1,    1,    1,   65,   18,    6,   89,   99,    3,   67,   15,   11
  240,20210228,   51,   23,   24,   50,   15,    0,    1,   70,   14,   41,  -21,    5,   97,   13,  -37,    6,   77,   72, 1102,    0,    0,    0,    1,10377,10405,    1,10356,   23,    0,    5,   80,   13,    4,   89,   99,    8,   66,   14,   14
  240,20210301,   76,   42,   43,   50,    2,   30,    6,   90,    7,   57,   22,    6,  103,   14,    7,    6,   62,   57,  965,    0,    0,    0,    1,10337,10357,    1,10319,   20,   20,    2,   75,   17,    3,   84,   98,    1,   65,   15,   12
  240,20210302,   77,   26,   28,   40,    1,   10,   18,   70,   10,   65,    2,    5,  133,   14,  -20,   12,   97,   89, 1170,    0,    0,    0,    1,10301,10319,    1,10285,   24,   45,    6,   72,   13,    0,   80,   97,    4,   57,   12,   16
  240,20210303,  311,   19,   22,   30,    8,   10,    1,   80,   18,   41,   13,    5,   73,   14,  -24,    6,   24,   22,  694,    0,    0,    0,    1,10274,10289,    8,10247,   24,    1,    6,   57,    1,    6,   94,   99,    9,   83,   14,    9
  240,20210304,  358,   34,   35,   60,   17,   20,    1,  110,    9,   41,   23,   24,   60,   16,   13,   24,    3,    3,  236,    0,   -1,   -1,    1,10226,10249,   24,10213,   15,   22,    1,   80,   21,    8,   82,   94,    1,   64,   20,    3
  240,20210305,   26,   31,   33,   50,   11,   10,   23,   80,   10,   28,  -12,   23,   74,   14,  -52,   24,   91,   82, 1225,    0,    0,    0,    1,10306,10349,   23,10255,    1,   70,    1,   83,   12,    1,   68,   89,   24,   47,   13,   14
  240,20210306,   38,   12,   17,   30,   11,    0,    6,   70,   10,   16,  -39,    4,   78,   13,  -63,    6,   72,   64, 1015,    0,    0,    0,    1,10334,10355,    9,10302,   24,   56,    6,   83,   11,    3,   78,   97,    5,   50,   12,   11
  240,20210307,  305,   20,   21,   40,   13,    0,    6,   70,   14,   27,  -28,    1,   57,   15,  -55,    6,   10,    9,  375,    0,    0,    0,    1,10260,10298,    1,10239,   17,   59,   24,   83,    9,    8,   75,   96,    1,   57,   12,    4
  240,20210308,  246,   34,   39,   60,   15,   20,    1,   90,   16,   49,   27,    1,   81,   13,   18,    6,   36,   32,  773,   77,   38,   10,   24,10222,10238,    1,10186,   24,   28,   24,   79,   14,    8,   79,   94,   24,   58,   13,   10
  240,20210309,  290,   33,   42,   60,    1,   10,   22,   90,    2,   54,   10,   23,   71,   11,  -21,   24,    2,    2,  379,   45,   31,   10,    4,10177,10190,   19,10164,    4,   20,    2,   75,   11,    7,   86,   95,    1,   77,   17,    5
  240,20210310,  191,   74,   76,  130,   24,   20,    1,  180,   21,   58,    6,    1,   87,   14,  -10,    6,    0,    0,  363,   56,   40,   11,   18,10110,10182,    1, 9989,   24,   33,    6,   69,   13,    8,   84,   95,    6,   65,   12,    5
  240,20210311,  231,  128,  134,  200,   11,  100,   18,  300,   11,   89,   64,   24,  112,   13,   57,   24,   26,   23,  646,   18,    8,    4,    6, 9949,10012,   24, 9899,    9,   32,    1,   75,   24,    7,   77,   93,    1,   66,   10,    9
  240,20210312,  228,   92,   95,  130,   13,   80,    4,  230,   13,   68,   52,    7,   87,   13,   45,    6,   36,   31,  519,   21,   52,   29,   14,10013,10041,    6, 9974,   24,   34,   10,   75,    2,    7,   79,   88,   10,   74,   18,    7
  240,20210313,  242,  104,  115,  160,   15,   70,   24,  240,   14,   68,   51,   23,   90,   13,   43,   24,   23,   20,  660,   51,   62,   17,    3, 9927,10003,   24, 9878,    5,   56,   11,   75,    6,    7,   77,   89,    2,   68,    8,    9
  240,20210314,  276,   69,   70,   90,   13,   50,   20,  130,   13,   66,   49,    4,   91,   12,   43,    6,   32,   27,  710,   28,   22,    8,   23,10081,10113,   17,10011,    1,   62,   21,   75,    1,    8,   80,   93,   24,   72,   14,    9
  240,20210315,  316,   74,   74,  110,   13,   40,    3,  160,   13,   66,   48,    6,   84,   13,   39,    6,   21,   18,  623,   15,    8,    4,    2,10154,10221,   24,10090,    1,   50,    1,   75,    9,    7,   83,   95,    2,   71,   11,    8
  240,20210316,  305,   34,   37,   60,   12,   10,   20,   90,    1,   55,   35,   23,   72,   10,   29,   24,    0,    0,  442,  123,   67,   17,   11,10239,10257,   24,10225,    1,   59,   10,   70,   14,    8,   89,   97,   20,   83,   13,    6
  240,20210317,  347,   41,   43,   60,    8,   20,   23,  110,   10,   52,    6,   24,   78,   14,  -15,   24,    6,    5,  532,    0,   -1,   -1,    1,10273,10291,   21,10256,    3,   60,    5,   75,   11,    8,   83,   95,    3,   71,   16,    7
  240,20210318,  345,   27,   33,   60,   16,   10,    1,  100,   16,   48,    2,    1,   85,   15,  -21,    6,   23,   19,  630,    7,    6,    6,   14,10240,10281,    1,10208,   21,   44,    5,   75,   11,    8,   85,   98,    7,   74,   23,    8
  240,20210319,   25,   44,   45,   60,   10,   20,    4,  100,   14,   49,    9,    5,   94,   15,  -17,    6,  108,   90, 1519,    0,    0,    0,    1,10269,10303,   24,10225,    1,   65,    5,   83,   10,    2,   73,   91,    5,   48,   14,   19
  240,20210320,  282,   28,   31,   60,   15,   10,    3,   80,   12,   43,  -25,    5,   84,   12,  -47,    6,   36,   30,  967,    6,    1,    1,   17,10287,10309,    7,10249,   24,   50,   17,   80,   10,    7,   87,   98,    7,   66,   11,   12
  240,20210321,  332,   53,   56,   80,    9,   30,    2,  140,    9,   63,   36,   22,   80,   13,   24,   24,    5,    4,  628,    4,    1,    1,    1,10249,10259,   20,10234,    3,   59,    3,   75,    7,    8,   77,   93,    3,   63,   11,    8
  240,20210322,  313,   23,   28,   40,    1,   10,   20,   70,    9,   53,    9,   23,   89,   16,  -18,   24,   24,   20,  706,    0,   -1,   -1,    1,10256,10262,   20,10246,    3,   61,    2,   82,   16,    7,   81,   93,   23,   62,   16,    9
  240,20210323,  224,   34,   39,   70,   13,   10,    1,   90,   12,   64,   18,    3,  111,   13,   -4,    6,   33,   27,  904,    0,    0,    0,    1,10244,10254,    1,10231,   24,   50,    7,   70,    1,    7,   82,   92,    3,   71,   11,   12
  240,20210324,  224,   35,   41,   70,   14,   10,   24,  100,   12,   72,   11,    6,  132,   13,   -6,    6,  107,   86, 1548,    0,    0,    0,    1,10212,10229,    1,10200,   24,   26,    5,   71,   16,    6,   78,   96,    5,   56,   13,   21
  240,20210325,  219,   38,   44,   80,   14,   20,    1,  120,   17,   83,   43,    1,  123,   13,   14,    6,   57,   46, 1071,    6,    4,    3,    9,10191,10197,    1,10178,   24,   25,    9,   83,   17,    6,   76,   93,    6,   39,   16,   15
  240,20210326,  196,   65,   71,  110,   12,   40,    1,  150,   11,   97,   57,   24,  142,   13,   49,    6,   50,   40, 1163,   28,   20,    7,   22,10132,10172,    1,10090,   20,   61,    6,   83,   15,    7,   72,   91,   21,   53,   12,   17
  240,20210327,  249,   77,   83,  120,    9,   40,   20,  180,   12,   69,   41,   20,   95,   15,   20,   24,   60,   48, 1069,    0,   -1,   -1,    1,10194,10249,   21,10108,    1,   66,   23,   80,    7,    7,   71,   88,    1,   57,   16,   14
  240,20210328,  221,   88,   89,  130,   15,   60,    1,  200,   15,   94,   64,    4,  118,   14,   53,    6,   14,   11,  582,    5,    2,    2,   11,10239,10248,   20,10231,    6,   63,   10,   80,    8,    8,   73,   84,    2,   67,    8,    8
  240,20210329,  224,   63,   65,   90,    9,   20,   20,  150,   10,  116,   69,   24,  177,   16,   15,   24,  117,   92, 1806,    0,    0,    0,    1,10272,10296,   23,10242,    1,   69,   10,   83,   17,    4,   64,   79,    4,   39,   17,   28
  240,20210330,  157,   17,   24,   40,   13,   10,    1,   70,   14,  124,   20,    6,  209,   15,  -25,    6,  116,   91, 1856,    0,    0,    0,    1,10286,10311,    9,10250,   24,   63,   24,   78,   10,    2,   59,   88,    6,   35,   16,   29
  240,20210331,  249,    7,   15,   40,   15,    0,    3,   70,   15,  145,   51,    6,  229,   13,    6,    6,  114,   89, 1740,    0,    0,    0,    1,10212,10244,    1,10195,   24,   60,    4,   81,   15,    4,   57,   89,    3,   29,   13,   28
  240,20210401,   17,   46,   50,   70,    9,   20,    1,  120,    9,   90,   36,   24,  131,    1,    9,   24,  105,   81, 1813,    0,    0,    0,    1,10238,10270,   22,10196,    1,   31,    7,   82,    9,    2,   73,   87,    7,   60,   15,   26
  240,20210402,  351,   46,   48,   70,   16,   20,    1,  110,   16,   58,   23,    2,   84,   15,   -7,    6,    8,    6,  600,    0,   -1,   -1,    1,10274,10282,   11,10268,    4,   63,   17,   83,   15,    7,   76,   87,    1,   62,   15,    8
  240,20210403,  359,   51,   52,   60,    2,   40,    6,  110,    2,   70,   41,    6,  103,   11,   28,    6,   52,   40, 1254,    0,    0,    0,    1,10288,10298,   10,10270,    2,   62,    5,   75,   24,    7,   67,   80,    6,   58,   12,   17
  240,20210404,  259,   32,   45,   80,   24,   10,    8,  130,   24,   62,   46,   21,   86,   14,   37,   24,   24,   18,  868,    0,    0,    0,    1,10222,10281,    1,10109,   24,   63,   24,   80,   11,    8,   75,   87,   22,   67,   12,   11
  240,20210405,  310,   98,  103,  130,   15,   70,   23,  220,   12,   42,    0,   12,   85,    1,    3,   18,   67,   51, 1263,   37,   35,   12,   24,10112,10135,   16,10069,    4,   56,   19,   80,    9,    7,   73,   86,   23,   53,   11,   16
  240,20210406,  314,   71,   74,  100,   14,   50,   20,  170,   10,   24,    0,   18,   65,   14,   -3,   24,   78,   59, 1327,   25,   24,    6,   22,10129,10136,    1,10119,   13,   34,   24,   80,    8,    7,   76,   92,   24,   65,   13,   15
  240,20210407,  304,   86,   89,  120,    5,   50,    1,  210,    6,   38,    7,    1,   73,   13,    3,    6,   28,   21,  974,   50,   75,   22,    5,10173,10223,   24,10112,    5,   34,    4,   76,   12,    7,   79,   92,    4,   64,   12,   12
  240,20210408,  226,   52,   57,   90,   15,   20,    3,  130,   16,   56,    8,    4,   97,   14,   -5,    6,   55,   41, 1281,    0,   -1,   -1,    1,10204,10227,    2,10150,   24,   70,    4,   83,    8,    8,   65,   83,    4,   45,   12,   17
  240,20210409,  253,   35,   54,   80,    9,   30,   18,  130,   10,   76,   54,    1,  108,   14,   39,   24,   46,   34, 1261,    0,    0,    0,    1,10130,10145,    1,10125,    8,   69,    7,   75,    1,    8,   76,   88,   20,   69,   13,   17
  240,20210410,   43,   61,   63,   80,   18,   30,    3,  130,   17,   49,   25,   23,   72,   12,   23,   24,    0,    0,  421,  101,  109,   23,   17,10129,10153,    9,10101,   24,   50,   24,   75,    3,    8,   82,   92,   22,   70,    9,    5
  240,20210411,  342,   52,   57,   70,    1,   20,   22,  130,   15,   42,    7,   23,   85,   14,  -17,   24,   64,   47, 1376,   33,    9,    3,    1,10156,10223,   24,10099,    1,   59,    1,   83,   12,    5,   75,   91,    1,   55,   14,   17
  240,20210412,  267,   42,   46,   80,   14,    0,    4,  110,    7,   31,   -8,    5,   78,   13,  -22,    6,   70,   51, 1435,   13,   24,    9,    7,10271,10309,   24,10226,    1,   65,    3,   83,   18,    5,   80,   92,    3,   57,   17,   17
  240,20210413,  292,   30,   32,   50,    9,    0,   22,  100,   13,   48,  -10,    2,  100,   14,  -37,    6,  116,   84, 1992,    0,    0,    0,    1,10323,10332,    9,10309,    1,   70,    1,   83,    8,    4,   66,   88,    1,   40,   16,   25
  240,20210414,    3,   22,   28,   60,   17,   10,    1,  100,   18,   45,    7,    2,   89,   14,  -26,   24,   59,   43, 1199,    1,    1,    1,   18,10316,10322,   10,10309,   16,   62,    6,   83,   10,    6,   72,   89,   24,   51,    9,   15
  240,20210415,   35,   32,   36,   60,    9,   10,    5,  100,   10,   54,  -10,    5,  103,   14,  -26,    6,   73,   53, 1714,    0,   -1,   -1,    1,10312,10321,    9,10304,   18,   65,    3,   83,   16,    6,   68,   97,    5,   45,   15,   22
  240,20210416,   19,   38,   39,   60,   13,   20,    1,  100,   16,   68,   -5,    3,  125,   14,  -41,    6,  123,   88, 2075,    0,    0,    0,    1,10294,10306,    1,10280,   17,   70,    2,   83,   15,    1,   65,   87,    3,   39,   12,   28
  240,20210417,    3,   34,   35,   60,   17,   20,    2,   90,   16,   68,    0,    6,  120,   15,  -21,    6,  125,   89, 2174,    0,    0,    0,    1,10266,10288,    1,10247,   24,   62,   24,   83,   16,    2,   70,   96,    5,   45,   11,   29
  240,20210418,  324,   22,   24,   50,   14,    0,    5,   80,   13,   84,   10,    6,  144,   15,  -20,    6,  117,   83, 2158,    0,    0,    0,    1,10231,10240,    1,10221,   16,    1,    4,   83,   19,    2,   75,   98,    4,   51,   11,   30
  240,20210419,   56,   14,   24,   40,    9,    0,   22,   70,   12,   95,   26,    5,  154,   15,   -3,    6,   67,   47, 1624,    0,   -1,   -1,    1,10203,10217,    1,10192,   24,    8,    4,   82,   16,    3,   79,   98,    4,   54,   14,   23
  240,20210420,   10,   17,   21,   50,   15,   10,    1,   80,   15,  114,   56,    2,  170,   14,   14,    6,   89,   63, 1564,    0,    0,    0,    1,10177,10188,    1,10166,   17,   21,    5,   80,   14,    3,   70,   98,    2,   45,   12,   24
  240,20210421,    6,   44,   47,   70,   12,   10,    4,  130,   17,   77,   14,   24,  128,   13,  -10,   24,   92,   64, 1862,    0,    0,    0,    1,10205,10245,   24,10171,    1,   56,    2,   83,   11,    5,   71,   90,    2,   49,   15,   26
  240,20210422,  340,   36,   38,   60,   16,   20,    1,  100,    8,   65,   13,    4,  115,   14,  -13,    6,  104,   73, 2174,    0,    0,    0,    1,10272,10289,   23,10248,    1,   68,    1,   83,   19,    6,   66,   88,   24,   49,   13,   29
  240,20210423,   16,   22,   25,   40,   17,   10,    2,   70,   12,   75,    3,    1,  134,   15,  -30,    6,  125,   87, 2336,    0,    0,    0,    1,10297,10307,    8,10289,   18,   58,    5,   83,   17,    5,   72,   98,    5,   49,   16,   32
  240,20210424,   39,   39,   41,   70,   16,    0,    5,  120,   16,   80,   33,    2,  125,   15,    0,    6,   99,   68, 1897,    0,    0,    0,    1,10286,10293,    8,10276,   16,   58,    5,   83,   14,    6,   68,   94,    5,   42,   16,   26
  240,20210425,   22,   42,   43,   50,    4,   20,   24,  100,    5,   69,   30,   24,  103,   15,    4,   24,   45,   31, 1338,    0,    0,    0,    1,10277,10290,    8,10260,   23,   75,    1,   83,    4,    5,   63,   76,   24,   51,   15,   18
  240,20210426,   40,   41,   43,   70,   18,   20,    1,  100,   18,   71,   14,    5,  112,   14,   -9,    6,  134,   92, 2480,    0,    0,    0,    1,10205,10255,    1,10153,   24,   70,    3,   83,   16,    3,   63,   84,    4,   39,   13,   33
  240,20210427,   73,   36,   39,   60,   16,   20,    7,   90,   16,   98,   21,    3,  158,   14,    6,    6,  123,   84, 2462,    0,    0,    0,    1,10106,10145,    1,10082,   24,   75,    1,   83,   18,    3,   51,   78,    3,   32,   13,   36
  240,20210428,   44,   55,   56,   70,   11,   40,    1,  120,   19,  106,   55,    2,  148,   12,   29,    6,   70,   48, 1769,    0,   -1,   -1,    1,10050,10077,    1,10028,   24,   75,   24,   83,   15,    5,   54,   74,   24,   38,   16,   26
  240,20210429,  318,   58,   63,  100,   14,   30,    1,  150,   14,   76,   65,   10,   94,   16,   61,   12,    8,    5,  520,   91,   86,   39,    5,10062,10115,   23,10021,    6,   50,    5,   75,    1,    8,   83,   94,    5,   73,   14,    7
  240,20210430,  315,   24,   28,   40,   14,   20,    4,   80,   18,   75,   40,   24,   98,    9,   23,   24,    1,    1,  517,   46,   48,   16,   10,10132,10143,   22,10114,    1,   57,   14,   75,   18,    8,   88,   95,    5,   74,   18,    7
  240,20210501,  292,   39,   44,   70,   12,   20,    2,  100,    8,   74,   26,    5,  118,   14,   14,    6,   86,   58, 1979,    2,    3,    2,    8,10143,10160,   24,10133,    4,   60,    2,   81,   12,    5,   78,   93,    1,   61,   12,   27
  240,20210502,  294,   39,   44,   70,   12,   20,    1,  110,   11,   66,   21,    3,  111,   13,    1,    6,  101,   68, 1944,    0,   -1,   -1,    1,10190,10208,   20,10161,    1,   70,    1,   83,   13,    4,   72,   87,    3,   56,   12,   26
  240,20210503,  216,   61,   67,  110,   24,   30,    1,  200,   24,  103,   44,    2,  137,   13,   33,    6,   31,   21, 1567,   10,    7,    7,   24,10134,10201,    1, 9990,   24,   58,    7,   83,   19,    8,   66,   85,    4,   51,   14,   23
  240,20210504,  240,  110,  118,  150,   12,   80,   21,  220,    7,   87,   63,   20,  106,    8,   53,   24,   16,   11,  749,   61,  100,   17,    1, 9958, 9995,   24, 9919,    6,   50,    1,   75,   13,    8,   80,   89,    3,   70,   11,   11
  240,20210505,  277,   75,   81,  120,   10,   30,   23,  190,   12,   70,   46,    8,  101,   14,   41,    6,  101,   67, 1898,   20,   33,   11,    7,10051,10090,   21, 9994,    1,   50,    7,   81,   16,    7,   74,   90,   23,   54,   16,   26
  240,20210506,  252,   23,   34,   50,   13,   20,   15,   90,   13,   68,   25,    3,  116,   15,   16,    6,   72,   47, 1826,    0,   -1,   -1,    1,10062,10078,   24,10044,   15,   50,    4,   83,   15,    7,   74,   94,    4,   53,   15,   24
  240,20210507,  264,   37,   45,   80,   15,   20,    1,  110,   13,   71,   21,    5,  116,   14,   12,   24,  117,   77, 2131,    9,    5,    3,    2,10146,10181,   20,10081,    1,   65,   24,   83,    8,    3,   71,   90,    4,   54,   15,   29
  240,20210508,  163,   49,   52,  100,   14,   20,    2,  150,   14,  101,   27,    4,  158,   18,   10,    6,    7,    5,  665,   46,   43,   14,   12,10100,10168,    1,10049,   24,   50,   14,   80,    7,    7,   81,   94,   14,   62,    9,   10
  240,20210509,  176,   43,   52,   90,   15,   20,   19,  160,   21,  173,  116,    3,  240,   16,   92,    6,   78,   51, 1708,   28,   87,   54,   21,10005,10042,    1, 9986,   13,   65,   21,   82,   14,    7,   74,   92,   21,   56,   15,   30
  240,20210510,  217,   32,   50,   80,    6,   10,   21,  150,    5,  148,   98,   24,  185,   15,   90,   24,   59,   38, 1514,   12,   30,   14,    8,10037,10085,   22, 9960,    4,   57,    6,   82,   13,    7,   77,   90,    8,   60,   17,   25
  240,20210511,   39,   11,   20,   40,    8,   10,    1,   80,   14,  132,   78,    4,  175,   12,   64,   24,    9,    6,  947,   17,   13,    7,   14,10087,10103,   22,10075,   12,   63,   14,   80,    7,    8,   83,   94,    4,   69,    7,   15
  240,20210512,  266,   23,   30,   60,    8,    0,   24,   90,    7,  117,   64,    4,  164,   14,   47,    6,  115,   74, 2559,    9,    4,    3,   19,10108,10113,   10,10100,   24,   61,    1,   82,   16,    5,   75,   97,   23,   43,   15,   39
  240,20210513,   44,   19,   30,   50,   16,    0,    1,  100,   18,  126,   53,    5,  181,   15,   40,    6,  111,   71, 2404,   24,   27,   24,   20,10077,10099,    1,10060,   16,    3,    3,   83,   17,    5,   79,   99,    3,   52,   14,   38
  240,20210514,  352,   18,   23,   40,   19,   10,   10,   80,   12,  109,   86,   21,  154,   14,   79,   24,   54,   35, 1635,    0,   -1,   -1,    1,10079,10087,   10,10070,    4,   62,    2,   80,   16,    8,   79,   90,    1,   61,   15,   25
  240,20210515,  186,    8,   21,   30,   10,   10,    4,   80,   15,  105,   80,   23,  137,   14,   71,   24,   16,   10, 1020,   18,   98,   89,   15,10025,10068,    1, 9995,   24,   46,   23,   78,   11,    8,   84,   98,   22,   66,   11,   15
  240,20210516,  247,   37,   41,   70,   11,   20,    4,  100,    9,  117,   85,   22,  156,   14,   68,   24,   67,   43, 1767,   31,   81,   45,   24, 9996,10003,    9, 9990,   18,   56,    1,   82,   17,    7,   80,   95,    4,   62,   16,   27
  240,20210517,  272,   21,   41,   70,   13,   20,    1,  110,   14,  111,   72,   24,  151,   13,   64,   24,   40,   25, 1394,   44,   85,   28,    8,10036,10093,   24, 9989,    4,   56,    9,   75,   12,    8,   85,   95,    2,   71,   14,   21
  240,20210518,  271,   31,   38,   70,   13,   10,   21,  100,   13,  116,   64,   24,  154,   13,   44,   24,  114,   72, 2531,    2,    6,    6,    2,10125,10149,   21,10093,    1,   56,    3,   83,   17,    5,   77,   93,    2,   62,   17,   39
  240,20210519,  263,   28,   40,   60,   12,   20,   23,   90,   12,  110,   68,   24,  149,   14,   54,    6,   56,   35, 1540,    7,   13,    7,    7,10164,10199,   24,10143,    2,   56,   10,   83,   17,    5,   82,   94,   23,   64,   17,   23
  240,20210520,  187,   47,   53,   90,   16,   20,    3,  160,   24,  123,   53,    4,  162,   12,   35,    6,   63,   40, 1594,    7,    4,    3,   18,10153,10203,    7,10052,   23,    8,    4,   83,   14,    6,   73,   98,    3,   52,   13,   25
  240,20210521,  217,  119,  120,  160,   17,   60,    3,  240,   17,  125,   97,    3,  163,   13,   79,    6,   45,   28, 1553,   25,   15,    9,   24, 9996,10048,    1, 9961,   24,   58,   23,   80,   13,    7,   66,   85,    2,   45,   16,   24
  240,20210522,  251,   63,   74,  110,    1,   20,   21,  160,    2,  103,   76,   24,  129,   13,   76,   24,    8,    5,  930,   75,  167,   46,    4,10018,10085,   24, 9948,    3,   50,    4,   75,   12,    8,   85,   93,    5,   76,   13,   14
  240,20210523,  208,   44,   51,   90,   12,   20,    1,  150,   12,  113,   66,    3,  147,   14,   60,    6,   41,   25, 1681,   14,   24,   21,   10,10106,10129,   14,10083,   24,   57,    4,   83,   16,    8,   76,   95,    4,   51,   15,   25
  240,20210524,  188,   45,   49,   80,    6,   10,   17,  130,    6,  111,   93,   20,  151,   17,   87,   24,   18,   11, 1050,  100,   73,   21,   14,10064,10075,    1,10053,   16,   63,    3,   75,    1,    7,   86,   93,   21,   71,   16,   16
  240,20210525,  251,   59,   65,  100,   11,   40,    3,  140,   14,  105,   73,   24,  142,   12,   76,    6,   48,   30, 1583,    9,   13,    7,    8,10106,10129,   20,10070,    1,   63,    4,   80,   12,    8,   83,   93,    4,   68,   12,   23
  240,20210526,  267,   60,   65,  100,   13,   30,    1,  140,   14,  108,   71,    2,  138,   13,   65,    6,   53,   33, 1552,   23,   21,    9,    2,10111,10136,   23,10097,    9,   57,   24,   80,   11,    7,   85,   94,    3,   66,   13,   23
  240,20210527,  305,   56,   60,   80,   11,   20,   23,  120,   12,  104,   58,   23,  141,   16,   54,   24,   39,   24, 1096,   80,   58,   12,    3,10187,10238,   23,10140,    1,   46,   10,   75,   13,    7,   86,   95,   22,   70,   16,   16
  240,20210528,   57,   14,   19,   40,   19,   10,    2,   70,   19,  129,   47,    4,  188,   15,   37,    6,  125,   77, 2750,    0,    0,    0,    1,10245,10255,    8,10233,   17,   56,    3,   83,   16,    5,   74,   97,    4,   51,   16,   43
  240,20210529,   34,   31,   33,   50,   21,   10,    3,   80,   15,  126,   72,    4,  175,   14,   47,    6,  131,   80, 2673,    0,    0,    0,    1,10274,10289,   21,10252,    1,   62,   23,   82,   16,    2,   77,   95,    4,   62,   13,   42
  240,20210530,   51,   37,   38,   60,   18,   20,    1,   90,   17,  146,   88,    1,  203,   15,   76,    6,  130,   79, 2905,    0,    0,    0,    1,10274,10290,    7,10253,   24,   66,    1,   81,   14,    2,   73,   89,    1,   54,   14,   48
  240,20210531,   54,   35,   36,   50,   13,   20,    4,   80,   16,  165,   95,    4,  220,   16,   73,    6,  152,   93, 3008,    0,    0,    0,    1,10224,10250,    1,10195,   24,   56,    4,   83,   17,    0,   66,   95,    3,   38,   13,   51
  240,20210601,   77,   34,   37,   60,   15,   20,    3,   90,   11,  188,  108,    2,  248,   16,   72,    6,  152,   93, 3023,    0,    0,    0,    1,10169,10192,    1,10148,   18,   75,    1,   83,    6,    0,   51,   76,   24,   28,   13,   54
  240,20210602,   62,   35,   35,   50,    1,   10,   24,   80,    2,  207,  129,    4,  262,   14,   99,    6,  154,   94, 2937,    0,    0,    0,    1,10146,10156,    1,10136,   17,   70,    3,   83,   19,    2,   61,   83,   23,   41,   12,   54
  240,20210603,  251,   32,   38,   70,   14,   10,    1,  100,   16,  196,  148,   24,  244,   11,  122,   24,  100,   61, 2460,    0,    0,    0,    1,10183,10206,   23,10148,    1,   64,   24,   77,   16,    7,   75,   87,    1,   65,   12,   44
  240,20210604,   12,   18,   30,   50,   14,   10,    3,   90,   20,  195,  131,    3,  256,   13,  103,    6,   84,   51, 2447,   12,  125,   69,   22,10205,10216,    8,10194,   19,   15,   22,   83,   17,    7,   72,   95,   23,   56,   17,   44
  240,20210605,  310,   41,   42,   60,   13,   30,    1,   80,   12,  143,  130,   23,  159,   13,  128,   24,    0,    0,  675,   16,    6,    5,    4,10217,10240,   22,10196,    2,   20,    1,   65,   21,    8,   92,   96,    2,   89,   12,   11
  240,20210606,  348,   30,   36,   50,   17,   10,   24,   80,    9,  163,  111,   24,  211,   14,   81,   24,  137,   83, 2981,    0,    0,    0,    1,10243,10250,   21,10238,    2,   58,    1,   83,   16,    2,   66,   92,    1,   43,   15,   51
  240,20210607,   25,   25,   28,   40,   10,   10,    1,   80,   13,  170,   94,    3,  221,   13,   68,    6,  153,   92, 2973,    0,    0,    0,    1,10243,10250,    6,10233,   17,   62,   24,   83,   16,    0,   67,   96,    3,   49,   16,   51
  240,20210608,  346,   11,   23,   50,   15,    0,   24,   90,   14,  189,  113,    4,  247,   14,   79,    6,  152,   91, 2913,    0,    0,    0,    1,10231,10242,    5,10219,   17,   60,    4,   83,   11,    3,   65,   94,    3,   43,   11,   52
  240,20210609,  270,   28,   30,   60,   13,    0,    1,   90,   12,  184,  122,   24,  235,   13,   90,   24,  151,   91, 2930,    0,    0,    0,    1,10217,10222,    1,10210,   18,   57,    4,   83,   16,    3,   69,   97,    2,   31,   15,   52
  240,20210610,  266,   23,   28,   50,   15,   10,    1,   80,   17,  185,  117,    3,  246,   14,   86,    6,  149,   89, 2875,    0,    0,    0,    1,10205,10214,    9,10200,   17,   15,   24,   82,   13,    3,   75,   97,   24,   54,   13,   51
  240,20210611,  251,   34,   36,   60,   16,   10,    2,  110,   17,  178,  130,    1,  227,   15,  113,    6,   64,   38, 2142,    0,    0,    0,    1,10193,10200,    1,10184,   24,    8,    5,   75,   14,    8,   85,   98,    1,   70,   14,   37
  240,20210612,  304,   44,   47,   70,   15,   20,   22,  110,   15,  158,   96,   24,  196,   13,   72,   24,  113,   68, 2734,    0,    0,    0,    1,10223,10269,   24,10181,    2,   63,   24,   82,   13,    5,   75,   94,   24,   57,   17,   46
  240,20210613,  322,   13,   15,   30,   13,    0,   24,   60,   14,  169,   81,    4,  239,   17,   64,    6,  155,   93, 2966,    0,    0,    0,    1,10268,10288,    8,10240,   24,   62,    4,   82,   11,    0,   67,   97,    3,   44,   17,   51
  240,20210614,  282,   15,   36,   60,   17,   10,    1,  100,   17,  197,  116,    2,  253,   11,   88,    6,  145,   87, 2904,    0,    0,    0,    1,10207,10232,    1,10194,   16,   65,    1,   81,    8,    5,   65,   94,    1,   43,   11,   53
  240,20210615,   51,   25,   28,   40,   12,   20,    4,   70,   12,  179,  126,   24,  221,   15,   99,   24,  127,   76, 2797,    0,    0,    0,    1,10208,10223,    7,10181,   24,   70,    1,   82,   18,    6,   67,   88,   24,   52,   16,   49
  240,20210616,  115,   20,   29,   50,    9,   20,    1,   80,   19,  217,  122,    4,  284,   16,   90,    6,  145,   86, 2805,    0,    0,    0,    1,10134,10177,    1,10099,   24,   65,    2,   83,   20,    2,   64,   91,    2,   44,   13,   53
  240,20210617,  254,   16,   44,   80,   14,   20,    1,  120,    8,  231,  183,   24,  291,   12,  152,    6,   82,   49, 2090,    0,    0,    0,    1,10108,10143,   24,10085,    5,   59,   23,   82,    9,    6,   70,   88,   23,   52,   11,   40
  240,20210618,   62,   19,   35,   60,   11,   10,   19,  110,   16,  215,  183,    4,  279,   15,  175,   24,   52,   31, 1676,   44,  188,   92,   17,10119,10147,    3,10086,   15,   19,    5,   72,   15,    7,   86,   97,    4,   68,   15,   31
  240,20210619,  262,   24,   45,   70,    3,   20,    1,  130,    3,  173,  156,    9,  205,    1,  158,   12,   13,    8, 1042,   16,  168,  148,   24,10128,10151,   10,10079,   24,   33,   24,   75,   11,    8,   85,   96,   24,   75,   12,   18
  240,20210620,  334,   24,   40,   60,    3,   20,    5,  100,    3,  178,  147,    2,  218,   14,  140,    6,   63,   38, 1940,   28,  163,  105,    2,10080,10090,   21,10060,    4,   49,    2,   82,   17,    7,   82,   97,    2,   63,   17,   34
  240,20210621,   21,   50,   50,   70,    1,   30,   23,  120,    2,  138,  130,   23,  155,   13,  121,   24,    0,    0,  558,  105,  126,   25,    5,10114,10158,   23,10074,    5,   59,    6,   75,   18,    8,   86,   92,    5,   77,   19,    9
  240,20210622,   19,   47,   48,   70,   15,   20,    1,  100,    8,  148,  128,   24,  182,   13,  119,   24,   65,   39, 1967,    0,    0,    0,    1,10183,10210,   24,10159,    3,   64,    2,   83,   19,    8,   67,   87,    2,   58,   13,   32
  240,20210623,   15,   35,   36,   50,    8,   20,    4,   90,   21,  143,  114,   24,  183,   12,   96,   24,   32,   19, 1543,    0,    0,    0,    1,10220,10226,   21,10208,    2,   70,   23,   81,   13,    7,   69,   85,   24,   63,   12,   25
  240,20210624,  335,   14,   25,   40,   16,   10,    4,   90,   16,  145,   93,   24,  201,   16,   49,   24,   76,   45, 2128,    0,    0,    0,    1,10207,10223,    1,10192,   24,   65,    3,   82,   17,    5,   73,   93,    3,   58,   11,   35
  240,20210625,  198,   29,   33,   60,   12,   10,   22,   90,   12,  155,   94,    1,  196,   10,   61,    6,    9,    5,  800,   71,   25,    6,   16,10173,10188,    1,10163,   10,   24,   22,   65,   17,    8,   87,   98,   22,   74,   10,   13
  240,20210626,   70,   27,   32,   50,   16,   10,    2,   80,   16,  192,  147,    1,  238,   14,  140,    6,   34,   20, 1723,    0,    0,    0,    1,10185,10192,   10,10177,   16,   32,    5,   80,   16,    8,   82,   98,    1,   64,   15,   31
  240,20210627,   50,   41,   49,   80,   15,   20,   20,  120,   16,  201,  165,    4,  255,   15,  156,    6,   81,   48, 2372,   27,  184,  156,   19,10158,10180,    1,10135,   17,   25,   19,   83,   17,    6,   81,   96,   19,   60,   16,   43
  240,20210628,   20,   12,   21,   40,    3,   10,   11,   60,    2,  202,  169,   24,  233,   12,  154,   24,   46,   27, 1246,    3,    1,    1,   14,10136,10142,    3,10127,   18,   56,   24,   71,    8,    8,   84,   96,   24,   69,   13,   23
  240,20210629,  346,   33,   35,   60,   17,   10,    3,   90,   17,  164,  137,   22,  185,   10,  135,   24,    0,    0,  521,   29,   37,   13,    8,10119,10125,   21,10112,    4,   50,    8,   70,   12,    8,   90,   96,    1,   83,   16,    9
  240,20210630,  324,   37,   40,   50,   12,   30,    5,   90,   13,  139,  123,    4,  162,   12,  125,    6,    0,    0,  547,   51,   39,   14,   15,10128,10145,   22,10114,    3,   44,   15,   70,   10,    8,   92,   96,    4,   83,   11,    9
  240,20210701,  273,   51,   53,   70,   14,   40,    1,  100,   15,  153,  133,    3,  181,   15,  131,    6,   10,    6, 1064,    5,    4,    4,    3,10152,10161,   21,10140,    3,   48,    3,   70,   18,    8,   85,   94,    3,   74,   10,   18
  240,20210702,  262,   18,   26,   40,    2,   10,   22,   80,   15,  168,  121,   24,  218,   13,   88,   24,   79,   47, 1992,    0,   -1,   -1,    1,10167,10175,   15,10152,    3,   56,    6,   80,   13,    5,   83,   97,    1,   66,   13,   34
  240,20210703,  125,   12,   27,   50,   17,   10,    1,   80,   16,  186,  121,    1,  243,   15,   87,    6,   33,   20, 1304,   12,    7,    3,   17,10140,10167,    1,10118,   24,   50,    1,   81,   14,    7,   81,   98,    1,   62,   11,   23
  240,20210704,  254,   14,   24,   50,   14,   10,    1,   80,   14,  181,  140,   24,  225,   11,  118,   24,   46,   28, 1704,   11,   14,    9,    2,10093,10115,    1,10080,   24,   34,    3,   81,   11,    7,   84,   98,    2,   63,   11,   30
  240,20210705,  180,   33,   43,   60,    8,   30,    1,   90,    8,  172,  149,    5,  197,   16,  142,    6,   32,   19, 1316,    8,   21,   16,   23,10070,10079,   13,10038,   24,   57,   23,   75,    8,    8,   82,   95,    1,   71,   10,   23
  240,20210706,  200,   75,   82,  120,   18,   40,    1,  190,   17,  177,  147,   23,  209,    9,  133,   24,   53,   32, 1405,   14,   10,    3,    3,10041,10102,   24,10000,    6,   61,    2,   82,   12,    7,   73,   94,    3,   58,   10,   25
  240,20210707,  217,   31,   40,   70,    8,    0,   22,  110,   12,  173,  122,   23,  219,   14,  103,   24,   89,   54, 1772,    0,   -1,   -1,    1,10143,10187,   24,10102,    2,   65,   23,   83,   18,    6,   73,   93,   24,   59,   14,   31
  240,20210708,  274,   23,   28,   60,   15,   10,    1,  100,   16,  173,  117,    2,  223,   13,   85,    6,  101,   61, 2402,    0,    0,    0,    1,10205,10222,   23,10187,    1,   61,   24,   81,   17,    6,   77,   97,   24,   59,   15,   42
  240,20210709,  286,   23,   28,   50,   12,   10,    1,   90,   14,  168,  108,    3,  214,   11,   77,    6,  121,   73, 2197,    0,    0,    0,    1,10211,10218,    1,10197,   24,   56,    4,   77,   18,    3,   82,   98,    2,   66,    9,   38
  240,20210710,  333,    5,   13,   20,   10,    0,    2,   60,   15,  172,  125,    4,  220,   12,   92,    6,   22,   13, 1337,   13,  119,   85,   15,10165,10193,    1,10148,   18,    7,   15,   74,   14,    7,   82,   98,    3,   59,   13,   23
  240,20210711,  299,   14,   22,   50,   15,   10,    2,   90,   15,  175,  126,    2,  227,   13,  110,    6,   38,   23, 1413,    6,   19,   15,    9,10158,10170,    9,10143,   24,   37,    3,   75,   17,    8,   86,   98,    2,   67,   15,   25
  240,20210712,   54,   23,   27,   50,   18,    0,    2,   80,   18,  194,  137,    1,  237,   11,  113,    6,   19,   12, 1136,   13,   19,    9,   20,10109,10138,    1,10092,   18,   41,    3,   80,    9,    8,   82,   98,    2,   64,   13,   20
  240,20210713,  348,   41,   43,   60,   14,   20,    1,   90,   19,  188,  170,   23,  212,   13,  165,    6,    1,    1,  813,    0,    0,    0,    1,10111,10121,   19,10097,    3,   18,    1,   70,   16,    8,   89,   97,    1,   80,   13,   14
  240,20210714,  329,   62,   63,   80,   15,   40,    1,  130,   19,  179,  167,    3,  200,   17,  166,    6,   11,    7,  885,    0,    0,    0,    1,10119,10132,   24,10112,   17,   30,    2,   70,   11,    8,   92,   97,    1,   85,   11,   16
  240,20210715,  356,   65,   66,   80,   10,   50,   23,  130,    6,  183,  164,   24,  211,   16,  156,   24,   16,   10, 1030,    0,    0,    0,    1,10169,10211,   23,10133,    3,   31,    3,   75,   14,    8,   82,   97,    3,   71,   16,   18
  240,20210716,  341,   46,   48,   60,    1,   30,   24,  100,    1,  181,  157,    2,  223,   14,  146,    6,   90,   55, 2257,    0,    0,    0,    1,10234,10260,   24,10213,    1,   63,   19,   71,    2,    7,   72,   84,   24,   62,   12,   40
  240,20210717,  348,   34,   38,   60,   16,   20,    2,  100,   11,  195,  122,    4,  255,   13,  100,    6,  150,   92, 2811,    0,    0,    0,    1,10262,10272,    9,10253,   24,   56,    4,   83,   16,    0,   74,   97,    3,   48,   12,   51
  240,20210718,  328,   30,   36,   70,   16,   10,    3,  100,   16,  200,  138,    5,  258,   13,  109,    6,  149,   92, 2768,    0,    0,    0,    1,10239,10252,    1,10228,   19,   57,    3,   83,   11,    0,   74,   98,    3,   53,   13,   50
  240,20210719,   40,   26,   28,   50,   15,   10,    2,   80,   13,  183,  138,    4,  227,   11,  109,    6,   88,   54, 2074,    0,    0,    0,    1,10223,10232,    8,10214,   19,   65,    2,   83,   19,    3,   73,   96,    3,   53,   16,   37
  240,20210720,   83,   14,   17,   30,   12,    0,    3,   70,   13,  182,  120,    4,  235,   17,   90,    6,  124,   77, 2565,    0,    0,    0,    1,10218,10226,   23,10211,   16,   62,    4,   82,   17,    2,   68,   95,    4,   46,   15,   45
  240,20210721,  315,   14,   22,   40,   14,    0,    2,   70,   13,  196,  135,    2,  253,   14,   88,    6,  118,   73, 2419,    0,    0,    0,    1,10233,10239,    8,10224,    3,   61,    4,   80,   19,    2,   69,   97,    3,   47,   11,   44
  240,20210722,   13,   31,   33,   40,    7,   20,    1,   80,   16,  182,  142,    2,  229,   15,  111,    6,  114,   71, 2582,    0,    0,    0,    1,10224,10236,   10,10212,   24,   58,    1,   83,   18,    2,   69,   92,    1,   47,   16,   46
  240,20210723,   54,   26,   30,   50,   14,   10,    2,   90,   16,  179,  136,    2,  218,   15,  100,    6,   56,   35, 1486,    0,    0,    0,    1,10177,10210,    1,10138,   24,   66,    1,   81,   13,    6,   74,   89,    2,   57,   14,   26
  240,20210724,   70,   22,   35,   60,    5,   10,   24,   90,    5,  189,  150,    4,  226,   15,  134,    6,   25,   16, 1075,    0,   -1,   -1,    1,10095,10133,    1,10081,   17,   35,   24,   75,    9,    8,   80,   95,   24,   71,    9,   19
  240,20210725,  300,    8,   19,   40,   16,   10,    6,  100,   16,  195,  155,    4,  243,   15,  136,    6,   37,   23, 1295,   13,   22,   14,   16,10077,10090,   22,10066,    4,   21,    4,   80,   15,    7,   83,   96,   24,   57,   15,   23
  240,20210726,  227,   20,   36,   60,   12,   10,    5,   90,   11,  193,  153,    1,  247,   13,  124,    6,   80,   50, 1766,    9,   46,   45,   23,10091,10107,   22,10080,    1,   46,   24,   80,   12,    8,   85,   97,    1,   66,   11,   32
  240,20210727,  200,   36,   40,   60,   11,   20,    2,  110,   17,  179,  156,   24,  220,   14,  145,   24,   13,    8, 1076,   20,   14,    7,   11,10097,10108,    1,10086,   24,   26,    5,   80,   15,    8,   86,   95,    2,   69,   15,   19
  240,20210728,  215,   75,   79,  110,   16,   40,    1,  170,   18,  176,  143,   24,  216,   13,  134,   24,   51,   32, 1233,   13,   48,   40,   15,10076,10082,    1,10070,   23,   47,    4,   82,   18,    6,   78,   95,    3,   57,   17,   21
  240,20210729,  234,   76,   78,  110,    9,   40,   22,  170,   10,  169,  125,    4,  210,   14,  108,    6,  128,   81, 2462,   15,   62,   43,    2,10091,10105,   16,10067,    2,   59,    1,   81,   14,    4,   70,   89,    1,   52,   16,   42
  240,20210730,  201,   56,   59,   90,   19,   30,    4,  150,   19,  169,  124,    4,  223,   11,  105,    6,   38,   24, 1121,   34,  138,   60,   23,10056,10092,    1,10021,   24,   50,   14,   81,    8,    7,   77,   94,   14,   59,    8,   19
  240,20210731,  257,   67,   70,   90,    4,   30,   21,  150,    5,  167,  138,   23,  210,   14,  119,   24,   62,   40, 1493,   18,   67,   34,    6,10065,10092,   21,10021,    1,   58,    5,   75,   12,    7,   85,   95,   24,   71,   13,   26
  240,20210801,  281,   29,   39,   60,   12,   10,   24,  100,   12,  158,  109,   23,  196,   15,   74,   24,   39,   25, 1283,   17,   28,   13,   10,10098,10128,   23,10076,    3,   56,    5,   80,   17,    6,   85,   96,    5,   68,   17,   22
  240,20210802,  306,   25,   27,   50,   12,    0,    7,   90,   14,  148,   97,    4,  203,   12,   61,    6,   73,   47, 1898,    0,   -1,   -1,    1,10142,10153,   21,10127,    1,   65,    3,   82,    9,    4,   75,   93,    4,   55,   12,   31
  240,20210803,   35,   19,   22,   40,   12,    0,    1,   70,   14,  152,  101,    3,  200,   14,   63,    6,   19,   12,  991,    0,    0,    0,    1,10138,10146,    1,10130,   17,   65,    1,   83,   14,    6,   78,   97,    1,   61,   14,   16
  240,20210804,   52,   14,   18,   40,   16,    0,    1,  100,   17,  164,  104,    4,  221,   13,   70,    6,   72,   47, 1568,   18,  310,  265,   17,10133,10143,    6,10119,   24,   45,   16,   82,   10,    6,   82,   97,    1,   55,   13,   27
  240,20210805,  124,   21,   24,   50,   22,    0,    8,   70,   12,  184,  111,    4,  235,   13,   84,    6,   66,   43, 1842,    0,    0,    0,    1,10071,10114,    1,10010,   24,    1,    2,   81,   10,    5,   77,   99,    2,   53,   12,   33
  240,20210806,  207,   68,   72,  100,   12,   40,    1,  150,   12,  186,  163,   24,  217,   16,  155,   24,   55,   36, 1424,    6,   10,    9,    2,10010,10027,   24, 9996,    4,   65,    6,   80,   10,    7,   76,   92,    6,   61,   17,   25
  240,20210807,  184,   51,   54,   80,   13,   30,   19,  120,   12,  170,  141,    3,  229,   14,  130,    6,   56,   37, 1615,   21,   51,   24,   18,10006,10027,    1, 9990,   15,   65,   19,   83,   13,    6,   80,   95,   20,   53,   13,   28
  240,20210808,  216,   78,   79,  110,   16,   30,    1,  170,   12,  169,  142,    2,  204,   16,  129,    6,   53,   35, 1454,   16,   64,   26,    3,10064,10113,   24,10001,    1,   59,    3,   80,   12,    8,   80,   96,    1,   60,   15,   25
  240,20210809,  214,   63,   67,  100,   17,   40,   22,  140,   16,  167,  144,    4,  200,   15,  133,   24,   56,   37, 1387,   21,   65,   32,   14,10132,10145,   21,10116,    1,   58,    2,   80,   17,    7,   79,   91,    2,   63,   17,   24
  240,20210810,  233,   43,   49,   70,   12,   20,   21,  110,   12,  171,  130,   24,  215,   14,   87,   24,   98,   65, 1938,   13,   35,   21,    8,10155,10176,   23,10139,    2,   50,    8,   83,   17,    4,   79,   94,    8,   56,   15,   33
  240,20210811,  227,   16,   28,   50,   16,   10,   20,   90,   16,  177,  121,    5,  238,   12,   89,    6,   89,   59, 1890,    0,    0,    0,    1,10186,10197,   21,10174,    2,   59,    4,   81,   12,    6,   81,   97,    4,   61,   12,   33
  240,20210812,  239,   22,   29,   50,   10,   10,    1,   80,   10,  184,  134,    5,  235,   16,  103,    6,   84,   56, 1990,    0,   -1,   -1,    1,10190,10196,   21,10186,    3,   44,    5,   80,    9,    6,   80,   96,    1,   65,   10,   35
  240,20210813,  235,   49,   54,   80,    9,   20,    1,  120,    9,  178,  144,   24,  217,   14,  106,    6,   61,   41, 1683,    0,    0,    0,    1,10207,10218,   15,10190,    5,   61,    2,   80,   11,    7,   79,   94,    5,   61,   12,   29
  240,20210814,  234,   43,   48,   70,   10,   20,   22,  110,   11,  185,  155,    5,  223,   13,  115,   24,  105,   71, 2018,    0,    0,    0,    1,10193,10207,    1,10168,   24,   60,    7,   82,   16,    7,   77,   95,    5,   58,   15,   36
  240,20210815,  239,   51,   56,   90,   14,   20,    5,  140,   14,  195,  151,    4,  245,   13,  120,    6,   95,   64, 2086,    0,    0,    0,    1,10121,10164,    1,10083,   24,   62,   23,   82,   15,    6,   76,   90,    4,   35,   13,   38
  240,20210816,  291,   76,   79,  110,   15,   50,    4,  170,   16,  162,  134,   24,  187,    1,  115,   24,   40,   27, 1167,   12,   52,   40,    5,10123,10170,   23,10074,    4,   64,    1,   81,   18,    7,   71,   93,    5,   56,   15,   20
  240,20210817,  265,   46,   48,   80,    9,   20,   21,  110,    8,  156,  136,    1,  171,    9,  115,    6,    0,    0,  541,   38,   48,   18,   17,10159,10169,    2,10147,   18,   63,   12,   75,    1,    8,   85,   96,   19,   71,    1,    9
  240,20210818,  256,   48,   50,   80,   12,   20,    6,  110,   13,  170,  137,   24,  200,   13,  119,   24,    4,    3,  918,    0,   -1,   -1,    1,10142,10154,    1,10126,   24,   65,    1,   75,    9,    7,   81,   93,    1,   71,   14,   16
  240,20210819,  242,   42,   44,   60,   12,   30,    1,   90,   12,  165,  127,   23,  192,   14,  108,   24,    0,    0,  390,    9,    4,    4,   16,10132,10143,   24,10119,    4,   25,   15,   75,   13,    8,   87,   93,   15,   79,   13,    7
  240,20210820,  243,   29,   37,   60,   12,   10,   21,   90,   12,  177,  129,    2,  225,   11,   96,   24,   70,   48, 1593,    1,    4,    4,    4,10160,10182,   21,10137,    3,   27,   23,   80,   12,    7,   86,   98,   24,   67,   12,   28
  240,20210821,  121,   19,   25,   40,   12,   10,    1,   80,   22,  186,  123,    2,  236,   16,   89,    6,   19,   13, 1121,   29,  140,   79,   22,10166,10181,    9,10139,   24,    1,    5,   83,   14,    8,   84,   99,    3,   61,   15,   20
  240,20210822,  318,   34,   43,   70,   21,   10,    1,  100,   19,  180,  161,    4,  209,   13,  151,    6,    7,    5,  783,   44,   85,   40,   10,10154,10201,   24,10132,    4,   40,    6,   75,   12,    8,   90,   97,    2,   78,   12,   14
  240,20210823,   22,   47,   48,   60,    2,   30,   23,  100,    2,  184,  153,   24,  221,   15,  132,   24,   94,   66, 1963,    0,    0,    0,    1,10250,10282,   24,10206,    1,   60,    1,   83,   17,    4,   73,   91,    1,   52,   14,   35
  240,20210824,   30,   44,   44,   60,    9,   30,    1,   90,    9,  177,  143,    2,  216,   13,  127,    6,  118,   83, 2126,    0,    0,    0,    1,10285,10297,    9,10274,   24,   57,    2,   83,   15,    4,   78,   94,   24,   57,   14,   37
  240,20210825,  336,   35,   39,   60,   14,   20,    2,  100,   13,  165,  133,    5,  210,   13,  104,    6,   64,   45, 1552,    2,    1,    1,   23,10227,10269,    1,10174,   24,   20,    1,   83,   13,    7,   84,   98,    4,   58,   12,   26
  240,20210826,  342,   43,   45,   60,   10,   30,   20,  120,   11,  159,  111,   24,  197,   16,   87,   24,   36,   26, 1099,    1,    1,    1,   11,10167,10186,   22,10157,   16,   62,   12,   80,   17,    6,   77,   90,   24,   67,   16,   18
  240,20210827,  344,   46,   47,   80,    9,   20,   23,  160,   12,  156,  112,    1,  199,   14,   87,    6,   68,   49, 1318,   12,   25,    8,   18,10194,10204,   22,10184,    2,   65,   21,   80,    8,    5,   80,   94,   24,   65,    8,   22
  240,20210828,   11,   49,   51,   70,   10,   30,    1,  120,   11,  172,  147,    1,  210,   13,  135,    6,   63,   45, 1447,    0,   -1,   -1,    1,10216,10229,   20,10203,    1,   65,    1,   82,   15,    7,   78,   92,    1,   61,   14,   25
  240,20210829,  349,   46,   48,   70,   10,   30,   20,  110,   10,  165,  153,    3,  179,   15,  143,    6,    0,    0,  440,   15,    5,    2,   20,10210,10220,    1,10199,   15,   58,   19,   75,    9,    8,   86,   94,   18,   78,   10,    7
  240,20210830,    4,   42,   43,   60,   14,   20,   24,  110,   18,  174,  131,   24,  215,   14,  114,   24,   50,   36, 1081,    0,    0,    0,    1,10222,10244,   24,10209,    4,   60,    4,   80,   14,    6,   84,   94,    4,   67,   15,   19
  240,20210831,  353,   34,   35,   50,   12,   20,    1,   90,   17,  159,  117,    3,  193,   11,   92,    6,   23,   17,  928,    0,    0,    0,    1,10268,10285,   23,10245,    1,   59,    2,   75,    9,    6,   82,   97,    3,   71,   11,   16
  240,20210901,  356,   21,   23,   30,    8,   10,    6,   60,    8,  166,  148,    5,  188,   13,  139,    6,    3,    2,  752,    0,    0,    0,    1,10287,10294,   10,10282,    3,   69,   17,   80,   10,    8,   76,   82,    1,   67,   11,   13
  240,20210902,   29,   22,   23,   30,    8,   10,    1,   60,   11,  160,  132,   24,  200,   15,   99,   24,   39,   29, 1009,    0,    0,    0,    1,10269,10286,    1,10248,   24,   62,    7,   77,   14,    5,   78,   91,   24,   64,   15,   17
  240,20210903,   49,   41,   42,   50,    8,   20,    1,   90,   18,  165,  125,    2,  211,   14,   83,    6,  123,   91, 1911,    0,    0,    0,    1,10217,10244,    1,10199,   18,   58,    4,   71,   17,    1,   82,   93,    1,   67,   13,   33
  240,20210904,   66,   41,   42,   70,   10,   30,    4,  100,   10,  160,  132,   23,  201,   16,  109,   24,   93,   69, 1802,    0,    0,    0,    1,10195,10203,   23,10186,   16,   64,    4,   80,   15,    5,   79,   89,    1,   65,   15,   30
  240,20210905,   58,   26,   27,   40,    9,   10,   24,   90,   20,  164,  106,    5,  218,   15,   64,    6,  117,   87, 1921,    0,    0,    0,    1,10218,10232,   24,10203,    1,   60,    6,   82,   16,    3,   78,   96,   24,   58,   16,   33
  240,20210906,   77,   13,   14,   20,    2,    0,    5,   50,   16,  181,  119,    4,  250,   16,   68,    6,   88,   66, 1600,    0,    0,    0,    1,10241,10250,    9,10231,    1,   29,    5,   76,   17,    7,   76,   98,    1,   51,   15,   28
  240,20210907,  111,   16,   20,   30,   10,   10,    1,   50,   16,  195,  134,    4,  257,   14,   98,    6,   89,   67, 1680,    0,    0,    0,    1,10226,10242,    8,10202,   24,   60,    3,   81,   15,    7,   74,   93,    3,   48,   13,   30
  240,20210908,  102,   33,   34,   50,   11,   20,    3,   80,   11,  204,  140,    4,  266,   14,  102,    6,  122,   92, 1841,    0,    0,    0,    1,10154,10196,    1,10111,   24,   69,    6,   83,   17,    2,   69,   87,    5,   45,   15,   34
  240,20210909,  211,   11,   27,   60,   14,   10,    5,   90,   14,  199,  146,    5,  260,   13,  104,    6,  100,   76, 1609,    0,    0,    0,    1,10098,10106,    1,10090,    7,   64,    6,   83,   16,    5,   75,   94,   24,   59,   16,   29
  240,20210910,  221,   30,   35,   60,   12,   10,    2,   90,   13,  196,  165,    1,  236,   12,  138,    6,   25,   19,  932,    2,    6,    5,   14,10120,10138,   21,10102,    2,   50,    3,   75,   14,    8,   84,   95,    3,   71,   17,   17
  240,20210911,  234,   49,   54,   70,   12,   40,    1,  100,   12,  185,  165,    1,  217,   12,  149,    6,   10,    8,  767,    8,   11,    5,   10,10154,10171,   20,10135,    3,   48,    9,   75,   22,    8,   86,   94,    6,   78,   23,   14
  240,20210912,  268,   23,   35,   50,   11,   10,   23,   80,   12,  165,  120,   23,  215,   12,   92,   24,   70,   54, 1433,    0,    0,    0,    1,10178,10192,   22,10164,    1,   57,    5,   83,   13,    8,   82,   94,   23,   63,   13,   24
  240,20210913,   67,   25,   27,   40,   11,   10,    1,   70,   14,  155,  118,    1,  190,   13,   88,    6,   43,   33, 1051,    0,    0,    0,    1,10186,10201,   10,10169,   24,   65,    1,   75,   10,    8,   85,   96,    5,   72,   13,   18
  240,20210914,   94,   30,   33,   40,    1,   20,   18,   80,   13,  181,  125,    5,  236,   13,  104,    6,   54,   42, 1284,    2,    1,    1,   18,10133,10167,    1,10104,   24,   42,   24,   81,   13,    7,   81,   96,   24,   59,   13,   23
  240,20210915,  278,   28,   38,   70,   15,   10,    4,  100,   15,  167,  137,   23,  193,   13,  120,    6,    6,    5,  506,    0,   -1,   -1,    1,10115,10146,   24,10094,    4,    1,    3,   75,   11,    7,   85,   99,    3,   73,   18,    9
  240,20210916,  274,   42,   44,   60,    8,   10,   24,   90,    9,  166,  129,   22,  209,   13,   75,   24,   93,   73, 1432,    0,   -1,   -1,    1,10166,10177,   23,10146,    1,   47,   24,   80,   12,    5,   78,   94,   23,   65,   15,   24
  240,20210917,  251,   10,   24,   60,   13,   10,    1,   90,   14,  164,  117,   24,  208,   13,   67,   24,   55,   44, 1021,    3,    5,    5,   11,10158,10172,    1,10151,   16,   27,    6,   80,   13,    8,   87,   97,   20,   65,   13,   17
  240,20210918,   85,   20,   23,   40,   15,   10,    1,   60,   14,  161,  112,    3,  222,   14,   64,    6,   67,   53, 1271,    0,    0,    0,    1,10165,10174,   10,10160,   24,   15,    2,   83,   13,    7,   83,   98,    1,   57,   11,   21
  240,20210919,   96,   39,   40,   50,    6,   30,    1,   70,    6,  160,  123,    2,  212,   13,  111,    6,   57,   46, 1294,    0,    0,    0,    1,10156,10179,   24,10146,   14,   61,    5,   82,   14,    8,   80,   94,    4,   62,   13,   22
  240,20210920,   78,   32,   34,   60,   10,    0,   24,  100,   10,  131,   78,   23,  174,   12,   15,   24,   88,   71, 1275,    0,    0,    0,    1,10228,10279,   24,10182,    1,   65,   23,   83,   13,    6,   70,   94,   24,   54,   15,   20
  240,20210921,  256,   20,   25,   50,   14,    0,    3,   80,   14,  133,   65,    6,  191,   12,    6,    6,   99,   80, 1357,    0,    0,    0,    1,10298,10307,   20,10278,    2,   40,   24,   82,    9,    8,   79,   98,   24,   53,   10,   22
  240,20210922,  228,   35,   40,   60,   14,   10,    1,   90,   15,  149,   92,    4,  211,   13,   36,    6,   90,   73, 1415,    0,    0,    0,    1,10266,10295,    1,10219,   24,   25,    2,   81,   13,    5,   80,   98,    1,   60,   13,   23
  240,20210923,  254,   55,   60,   90,    9,   20,   22,  140,    8,  163,  120,    1,  190,   12,   91,   24,   20,   16,  706,    0,   -1,   -1,    1,10176,10212,    1,10159,   17,   29,    5,   75,    7,    7,   81,   96,    5,   70,   11,   12
  240,20210924,  231,   55,   56,  100,   13,   20,    7,  150,   14,  178,  125,    6,  216,   13,  109,    6,   63,   52, 1214,    0,    0,    0,    1,10148,10163,    1,10137,   16,   64,    7,   81,   12,    7,   78,   92,    6,   64,   12,   21
  240,20210925,  163,   22,   28,   40,    1,   20,   14,   60,    1,  177,  141,   24,  209,   15,  112,   24,   23,   19,  661,    0,    0,    0,    1,10148,10159,   10,10137,   24,   56,    8,   70,    1,    8,   88,   94,   19,   78,   15,   12
  240,20210926,  175,   24,   30,   50,   13,   20,    2,   80,   13,  177,  133,    4,  232,   14,   92,    6,   47,   39,  974,    4,    7,    7,    6,10136,10145,   20,10127,    4,   50,    6,   80,   14,    7,   85,   96,    4,   63,   13,   17
  240,20210927,  195,   47,   58,  100,   15,   30,    2,  150,   13,  156,  113,   23,  205,   12,   91,   24,   31,   26,  607,   18,   30,   24,   14,10137,10197,   24,10096,   12,   34,    6,   80,   16,    5,   85,   96,    4,   68,   19,   10
  240,20210928,  173,   44,   46,   60,   12,   40,    1,  100,   13,  144,  107,    3,  195,   13,   89,    6,   88,   74, 1265,    0,    0,    0,    1,10194,10219,    9,10150,   24,   65,    2,   82,   16,    5,   77,   94,    3,   55,   14,   21
  240,20210929,  256,   43,   65,  100,   14,   40,    8,  170,   14,  122,   99,   22,  152,   14,   86,   24,   15,   13,  416,   61,   90,   26,   10,10157,10221,   24,10114,    6,   57,   10,   80,   17,    7,   82,   92,    8,   68,   18,    6
  240,20210930,  206,   64,   69,   90,   21,   40,    7,  130,   13,  131,   96,    2,  151,   11,   86,    6,   21,   18,  569,    0,   -1,   -1,    1,10212,10239,    8,10164,   24,   70,    1,   83,   22,    7,   70,   84,    1,   64,   22,    9
  240,20211001,  187,   62,   63,   90,    1,   20,   24,  130,    1,  134,  114,    5,  152,   13,  104,    6,    2,    2,  372,   73,  123,   39,   16,10122,10158,    1,10105,   18,   58,   17,   80,    1,    8,   85,   95,   16,   69,    1,    6
  240,20211002,  164,   58,   60,  130,   21,   10,    1,  220,   20,  133,   88,    3,  173,   24,   52,    6,   21,   18,  575,   81,  112,   39,   19,10031,10108,    1, 9917,   22,   20,    5,   75,    9,    8,   90,   98,    2,   73,   10,    9
  240,20211003,  208,   49,   55,   90,    1,   20,    9,  150,    1,  132,  119,   19,  173,    1,  108,   24,   12,   10,  320,  113,  113,   20,    7, 9998,10094,   24, 9924,    1,   57,   12,   70,    1,    8,   87,   95,    6,   81,   22,    5
  240,20211004,  184,   67,   70,  100,   11,   40,   19,  160,   15,  135,  102,    7,  176,   14,   93,    6,   75,   65, 1039,    3,    1,    1,   17,10119,10130,   11,10098,    1,   70,    1,   82,   14,    5,   79,   90,    5,   60,   14,   17
  240,20211005,  176,   56,   66,  100,   11,   50,    3,  150,   12,  128,  104,    4,  168,   11,   90,    6,   50,   44,  662,   57,  118,   34,   23,10038,10096,    1,10005,   14,   50,   23,   75,    8,    5,   84,   94,   14,   71,   11,   10
  240,20211006,  282,   36,   50,   80,   14,   10,   22,  140,    2,  127,   85,   23,  168,   12,   38,   24,   49,   43,  783,   54,  233,   92,    5,10127,10229,   24,10047,    5,    4,   22,   75,    9,    6,   88,   98,   22,   74,   14,   12
  240,20211007,  132,    6,   16,   30,   16,    0,    5,   50,   14,  128,   70,   24,  178,   11,   34,   24,   35,   31,  682,    2,    2,    2,    7,10274,10304,   23,10232,    1,    1,   24,   75,   13,    8,   91,   99,   24,   73,   13,   11
  240,20211008,   68,   19,   21,   30,   11,   10,    2,   70,   12,  111,   66,    6,  169,   15,   36,   24,   84,   75, 1163,    0,    0,    0,    1,10309,10322,    9,10299,   24,    1,    1,   74,   13,    3,   89,   99,    1,   71,   14,   18
  240,20211009,   74,   21,   23,   40,   10,    0,   24,   70,   10,  107,   70,   24,  155,   14,   14,   24,  100,   90, 1149,    0,    0,    0,    1,10292,10302,    9,10283,   24,    1,   24,   64,   12,    4,   89,   99,   23,   71,   15,   17
  240,20211010,  297,   14,   18,   40,   15,    0,    1,   80,   13,  112,   41,    5,  166,   14,    8,    6,   44,   40,  729,   13,   16,    9,   19,10269,10280,    1,10259,   16,    0,    1,   75,   15,    7,   89,   99,    2,   68,   14,   11
  240,20211011,  316,   31,   33,   70,   14,   10,    3,  110,   14,  121,   77,    3,  166,   12,   23,    6,   52,   47,  838,    8,    9,    6,   21,10263,10272,   10,10243,   24,   65,    2,   82,   14,    7,   82,   97,    5,   64,   14,   13
  240,20211012,  324,   31,   38,   70,   14,   20,   19,  120,   14,  113,   67,   20,  147,   12,   15,   24,   47,   43,  685,   37,   71,   36,    9,10213,10239,    1,10196,    8,   57,    4,   82,   14,    6,   83,   95,    4,   56,   15,   10
  240,20211013,  272,   28,   35,   60,   13,   10,    6,   90,   10,  114,   60,    2,  148,   13,   36,    6,   19,   17,  555,   18,   15,    6,   22,10251,10260,   15,10234,    1,   27,   21,   82,   13,    8,   84,   98,   22,   64,   13,    8
  240,20211014,  252,   54,   58,   80,   11,   30,    1,  130,   17,  145,  127,    1,  167,   13,  123,    6,   27,   25,  659,   13,   18,   14,    3,10212,10246,    1,10154,   24,   46,    1,   80,   13,    8,   81,   98,    1,   69,   13,   11
  240,20211015,  309,   30,   42,   90,    5,    0,   21,  130,    2,  121,   77,   22,  153,    1,   33,   24,   64,   60,  860,   18,   26,   18,    6,10183,10222,   22,10133,    4,   50,    5,   82,   15,    6,   75,   95,    6,   57,   13,   13
  240,20211016,  205,   35,   35,   60,   14,   10,    1,   80,   14,  111,   75,    6,  146,   14,   54,    6,   27,   25,  584,    0,    0,    0,    1,10210,10221,    9,10197,   24,   65,    6,   82,   16,    8,   75,   92,    6,   60,   14,    9
  240,20211017,  190,   42,   43,   70,   11,   30,    1,   90,   10,  118,   93,    2,  146,   13,   74,    6,    7,    7,  469,    0,   -1,   -1,    1,10195,10210,   24,10188,    4,   70,   23,   82,   13,    8,   74,   84,   24,   63,   13,    7
  240,20211018,  167,   43,   43,   60,   20,   30,    1,   80,    9,  117,   79,    5,  145,   14,   64,    6,   24,   23,  594,    0,   -1,   -1,    1,10196,10217,    8,10173,   24,   63,    7,   75,   16,    8,   83,   90,   24,   72,   13,    9
  240,20211019,  202,   59,   62,  100,   13,   30,    1,  150,   13,  164,  134,    1,  193,   15,  127,    6,   27,   26,  363,   68,   16,    3,   10,10133,10169,    1,10081,   24,   13,    8,   70,   20,    7,   90,   98,    4,   77,   15,    6
  240,20211020,  216,   81,   87,  130,   11,   40,   23,  190,   11,  155,  124,   24,  182,   14,  114,   24,    6,    6,  336,   34,  117,   92,   24, 9996,10075,    1, 9870,   24,   56,    6,   75,    2,    7,   83,   97,   24,   74,    4,    6
  240,20211021,  282,   69,   83,  120,    3,   40,    1,  230,   16,  101,   70,   22,  131,    1,   51,   24,   41,   40,  487,   71,  181,   78,    1,10014,10131,   23, 9845,    2,   46,    1,   80,    7,    7,   76,   93,    1,   56,   14,    7
  240,20211022,  279,   72,   76,  130,    9,   30,   21,  190,    9,   96,   42,   23,  125,   11,   11,   24,   24,   23,  422,   24,   49,   38,   13,10163,10239,   24,10115,    6,   61,   13,   82,    1,    6,   74,   91,   13,   63,    1,    6
  240,20211023,  173,   22,   28,   40,    9,   10,    4,   60,   11,   86,   38,    5,  114,   15,   15,    6,    0,    0,  168,    0,    0,    0,    1,10261,10271,   11,10238,    1,   60,   22,   70,    1,    7,   89,   96,    6,   81,    1,    2
  240,20211024,  159,   37,   38,   60,   13,   20,   22,   90,   15,   79,   46,    7,  126,   14,   10,   24,   90,   89,  926,    0,    0,    0,    1,10214,10261,    1,10177,   23,   60,    3,   80,   13,    2,   84,   94,    3,   68,   14,   13
  240,20211025,  191,   45,   46,   60,   13,   30,    1,   90,   13,  107,   67,    1,  124,   13,   49,    6,    0,    0,  159,   32,   14,    4,    4,10162,10172,    1,10153,   16,   28,    7,   70,    3,    8,   94,   97,    6,   89,    3,    2
  240,20211026,  209,   58,   59,   80,   14,   40,    1,  130,   14,  124,   89,    5,  145,   14,   75,    6,   20,   20,  382,    0,   -1,   -1,    1,10183,10196,   22,10166,    1,   45,    2,   75,   15,    7,   90,   97,    3,   78,   15,    6
  240,20211027,  202,   57,   60,   80,   11,   40,   21,  120,   11,  130,   89,   24,  152,   15,   73,   24,    8,    8,  263,    0,    0,    0,    1,10200,10212,   11,10187,   24,   50,   24,   75,   11,    8,   87,   97,   24,   78,   14,    4
  240,20211028,  162,   53,   54,   70,   13,   40,    1,  120,   14,  116,   85,    7,  159,   14,   73,    6,   87,   88,  831,    0,    0,    0,    1,10132,10182,    1,10079,   24,   57,    1,   80,   14,    1,   85,   96,    2,   69,   14,   13
  240,20211029,  169,   66,   70,   90,   12,   50,    3,  140,   14,  125,   91,    4,  170,   14,   75,    6,   65,   66,  677,    0,   -1,   -1,    1,10045,10076,    1,10016,   14,   65,   22,   80,   12,    4,   80,   93,   23,   65,   13,   11
  240,20211030,  167,   51,   57,   80,   10,   40,    1,  130,   13,  119,   99,   24,  136,   16,   85,   24,    2,    2,  137,   85,   96,   24,   17,10007,10045,   24, 9974,   13,   59,   10,   70,   17,    8,   94,   95,    1,   90,   17,    2
  240,20211031,  171,   51,   57,   70,   10,   30,    2,  150,   17,  110,   83,    3,  145,   17,   63,    6,    7,    7,  232,   41,  115,   44,   17, 9987,10049,    1, 9928,   17,   30,   17,   70,   10,    7,   91,   96,    2,   83,   12,    3
  240,20211101,  192,   72,   73,  110,   11,   40,   24,  160,   11,   95,   60,   24,  130,   13,   44,   24,   79,   82,  741,    0,   -1,   -1,    1, 9964, 9981,   20, 9947,    4,   65,   20,   80,   12,    3,   83,   93,   24,   67,   12,   11
  240,20211102,  168,   25,   32,   40,    1,   20,   14,   70,    1,   69,   45,   22,   94,   13,   26,   24,    0,    0,  168,   57,   36,   10,   24, 9986,10006,   21, 9973,    3,   46,   10,   70,   16,    7,   94,   97,    6,   84,   17,    2
  240,20211103,  131,    9,   13,   30,    1,    0,   18,   70,   14,   52,   15,   22,  116,   13,    7,    6,   38,   40,  473,    6,    4,    3,    1,10017,10040,   24, 9998,    3,    0,   20,   75,   12,    6,   94,   99,    8,   75,   13,    6
  240,20211104,  332,   16,   25,   40,   11,   10,    1,   90,   21,   67,    7,    4,  122,   13,    5,    6,   38,   40,  494,   24,   37,   17,    6,10079,10154,   24,10034,    3,    1,    2,   75,   13,    6,   91,   98,    1,   74,   13,    7
  240,20211105,  268,   23,   30,   50,   13,    0,    7,  100,   10,   82,   32,    3,  128,   13,   11,    6,   45,   48,  466,    1,    1,    1,    2,10225,10265,   21,10159,    1,   62,    9,   75,   12,    6,   86,   97,    1,   73,   13,    6
  240,20211106,  217,   70,   72,  110,   21,   50,    1,  160,   22,  107,   90,    4,  129,   20,   85,    6,    0,    0,  179,   15,   10,    6,   22,10222,10262,    1,10152,   24,   30,   22,   75,   20,    8,   88,   95,   22,   76,   20,    3
  240,20211107,  282,   69,   70,  100,   10,   10,   22,  170,   14,   97,   46,   24,  130,   12,   24,   24,   38,   41,  416,   22,   20,   13,   14,10159,10194,   24,10142,    3,   57,   14,   75,   17,    6,   78,   95,   24,   66,   12,    6
  240,20211108,  239,   28,   32,   50,   12,   20,    1,   70,   11,   79,   31,    5,  128,   11,    9,    6,   19,   21,  345,    0,   -1,   -1,    1,10222,10245,   21,10195,    1,   65,    2,   75,    9,    7,   85,   97,    5,   73,    9,    5
  240,20211109,  186,   45,   46,   60,   11,   30,    1,   90,   12,   85,   44,    1,  106,   15,   15,    6,    2,    2,  206,    0,    0,    0,    1,10247,10255,    9,10240,    2,   39,   18,   64,   15,    8,   93,   95,    2,   90,   10,    3
  240,20211110,  182,   29,   30,   50,    1,   20,    3,   80,    1,   99,   86,    8,  116,   12,   84,   12,    2,    2,  202,    0,    0,    0,    1,10237,10243,   19,10231,    3,   56,    4,   70,   13,    8,   86,   93,    2,   79,   12,    3
  240,20211111,  177,   26,   27,   40,   20,   20,    3,   60,   20,  103,   92,    6,  120,   13,   87,    6,    0,    0,  190,    7,    2,    2,    8,10232,10241,   11,10217,   24,   23,   20,   62,    1,    8,   91,   96,   20,   86,    1,    3
  240,20211112,  171,   52,   54,   70,   16,   30,    1,  110,   23,   81,   50,    8,  101,   24,   37,   12,   10,   11,  279,    9,    5,    4,   22,10138,10213,    1,10073,   24,   18,    9,   70,   20,    7,   88,   96,   10,   80,   16,    4
  240,20211113,  265,    9,   25,   70,    1,   10,   20,  110,    1,  113,   96,    6,  144,   13,   91,    6,   21,   24,  307,   44,   78,   24,    5,10116,10171,   24,10067,    2,   42,    2,   70,   11,    8,   93,   97,    2,   82,   13,    5
  240,20211114,   64,   32,   33,   50,   10,   10,    1,   80,    9,   99,   88,   24,  108,   13,   83,   24,    0,    0,  202,    0,   -1,   -1,    1,10237,10278,   22,10175,    1,    3,    2,   67,   22,    8,   91,   98,    2,   81,   22,    3
  240,20211115,   63,   31,   33,   40,   10,   20,   23,   80,   12,   67,   51,   23,   89,    1,   50,   24,    0,    0,   63,    0,    0,    0,    1,10268,10275,    8,10258,   24,   56,   19,   70,    6,    8,   89,   94,   15,   85,    1,    1
  240,20211116,  173,   20,   24,   50,   23,   10,    3,   80,   24,   52,   47,   14,   68,   24,   49,   18,    0,    0,   67,    9,    1,    1,   22,10226,10255,    1,10193,   24,   22,   17,   56,    2,    8,   90,   97,   18,   85,    2,    1
  240,20211117,  246,   36,   46,   70,   14,   30,   18,  100,   12,   88,   64,   18,  124,   12,   42,   18,   34,   39,  310,    9,    4,    2,    7,10211,10255,   24,10180,    4,   26,    7,   75,   11,    6,   86,   97,    7,   70,   14,    4
  240,20211118,  234,   53,   55,   90,   12,   30,    1,  130,   12,  105,   51,    2,  130,   21,   37,    6,   33,   38,  333,    0,    0,    0,    1,10263,10277,   22,10255,    1,   63,    1,   70,   21,    8,   87,   96,    2,   76,   11,    5
  240,20211119,  254,   51,   53,   80,   12,   30,   18,  110,   11,  121,   88,   23,  141,   12,   72,   24,   49,   57,  441,    0,    0,    0,    1,10283,10292,   20,10272,    3,   65,    6,   75,   13,    6,   89,   96,   23,   80,   13,    7
  240,20211120,  237,   44,   47,   60,   12,   30,    2,  100,   13,  105,   94,   20,  116,   11,   87,   24,    0,    0,   54,   10,    3,    3,   20,10216,10280,    1,10138,   24,   45,   15,   70,   12,    8,   88,   94,    1,   83,   12,    1
  240,20211121,  346,   34,   39,   60,   11,   30,    4,  110,   11,   81,   52,   19,  107,   11,   31,   18,   53,   62,  452,   24,   26,   16,    3,10147,10211,   24,10120,    6,   44,    1,   80,   14,    4,   81,   97,    2,   68,   14,    6
  240,20211122,   11,   19,   22,   40,    1,   10,    8,   60,    1,   51,   11,   21,   96,   13,   -6,   24,   73,   86,  498,    0,    0,    0,    1,10278,10311,   23,10217,    1,   65,    7,   83,   12,    2,   82,   96,   21,   64,   12,    6
  240,20211123,  326,    9,   15,   30,   13,    0,   22,   80,   12,   73,   24,   20,  109,   13,    4,   24,   18,   21,  275,    4,    8,    7,    9,10300,10310,   10,10283,   24,    4,   20,   75,   13,    7,   93,   98,    8,   77,   13,    4
  240,20211124,  176,   33,   32,   50,   13,    0,    1,   80,   13,   71,   62,   19,   87,   12,   55,   18,    0,    0,  215,    0,    0,    0,    1,10209,10280,    1,10139,   24,   49,   24,   75,   13,    8,   87,   96,    1,   76,   14,    3
  240,20211125,  281,   11,   30,   50,   11,   10,   19,  100,   15,   60,   24,   20,   94,   13,    5,   18,   21,   25,  271,   22,   12,    5,    3,10107,10132,    1,10068,   24,   26,    3,   80,   11,    7,   85,   95,    6,   68,   11,    4
  240,20211126,  206,   41,   53,  100,   12,   20,    1,  150,   11,   48,   32,   21,   58,    1,   22,    6,    0,    0,  146,  102,  120,   20,   23, 9914,10057,    1, 9832,   22,   46,    9,   75,    5,    8,   86,   95,   21,   70,    6,    2
  240,20211127,  209,   35,   41,   80,   11,   10,    5,  110,   11,   35,   26,   20,   45,   11,   20,   24,    0,    0,   99,  133,  114,   20,    6, 9887, 9945,   24, 9836,    1,   38,   24,   70,    2,    8,   92,   96,   20,   88,    5,    1
  240,20211128,  323,   21,   27,   50,   20,   10,    2,  100,    9,   26,  -13,    7,   54,   14,  -18,   24,   12,   15,  153,   29,   27,   16,   10, 9992,10038,   24, 9949,    1,    0,    6,   75,   15,    7,   89,   99,    6,   77,   20,    2
  240,20211129,  290,   33,   43,   90,   24,   20,    3,  140,   24,   46,    6,    3,   75,   11,   -4,    6,   17,   21,  207,   54,   99,   29,    9,10082,10114,   18,10038,    1,   59,   13,   80,   23,    7,   83,   92,   17,   68,   23,    3
  240,20211130,  265,   54,   63,  100,    3,   10,   17,  150,    5,   92,   55,    1,  110,   24,   47,    6,    0,    0,   57,  175,  165,   23,    2,10048,10070,    1, 9985,   24,   20,    4,   66,   23,    8,   94,   97,   12,   90,   23,    1
  240,20211201,  263,   79,   98,  130,    2,   40,   24,  200,    2,   80,   36,   23,  112,    1,   22,   24,    3,    4,  117,   69,   45,   10,   13, 9926, 9981,   24, 9883,    7,   33,    4,   80,   18,    7,   82,   94,    4,   68,   18,    2
  240,20211202,  313,   21,   31,   50,    3,   10,   23,  120,    3,   24,   -5,   24,   55,   14,  -20,   24,   16,   20,  198,   47,   92,   27,    8,10042,10099,   23, 9983,    1,   56,    3,   75,    7,    7,   86,   93,   24,   66,   14,    2
  240,20211203,  203,   70,   71,  110,   13,   20,    1,  150,   11,   39,   -6,    1,   51,   18,  -24,    6,    0,    0,  118,   10,    3,    2,    5,10042,10096,    1, 9990,   24,   29,   11,   70,    4,    8,   91,   95,    1,   82,   10,    1
  240,20211204,  205,   33,   42,   60,   21,   20,    7,  110,   20,   53,   47,    1,   68,   19,   36,   24,    0,    0,   56,   47,   52,   16,   14, 9956, 9984,    1, 9934,   14,    2,    7,   75,   19,    8,   93,   99,    5,   77,   19,    1
  240,20211205,  145,   22,   34,   70,    1,   20,   15,  110,    1,   43,   19,   24,   55,   12,    1,   24,    5,    6,  140,   41,   29,   11,    1,10027,10124,   24, 9955,    3,   37,    1,   70,    3,    8,   93,   97,   23,   90,    3,    2
  240,20211206,  165,   45,   52,   90,   21,   10,    5,  130,   20,   29,    6,    6,   44,    2,    1,    6,    0,    0,  132,   59,   55,   16,   23,10096,10141,    9,10028,   22,    1,    7,   65,   21,    8,   93,   99,    7,   88,   12,    2
  240,20211207,  164,   45,   64,  100,   20,   20,    1,  160,   19,   46,   13,    8,   65,   12,   -3,   12,   48,   61,  320,   44,   37,   10,   22,10018,10080,   10, 9897,   24,   57,   23,   75,    2,    7,   85,   97,    1,   78,    2,    4
  240,20211208,  181,   68,   69,   90,   11,   40,   21,  140,   12,   47,   21,   21,   65,   13,    3,   24,   45,   57,  293,   11,    6,    4,    3, 9949, 9999,   24, 9895,    1,   58,    3,   75,   11,    4,   86,   93,    1,   78,   12,    4
  240,20211209,  177,   53,   54,   70,   12,   40,   21,   90,    1,   36,   13,    4,   57,   14,    1,    6,    2,    3,  143,   11,    9,    5,   15,10004,10019,   10, 9961,   24,   50,   22,   70,    1,    6,   92,   95,   22,   90,    1,    2
  240,20211210,  116,   26,   37,   70,    2,    0,   24,  110,    2,   34,   19,   23,   43,   13,   17,   24,    0,    0,  108,   17,    6,    3,    5, 9956,10053,   24, 9906,    6,   25,   10,   70,    4,    8,   90,   97,   24,   84,    9,    1
  240,20211211,  223,   25,   35,   60,    6,   10,    1,  100,    6,   51,   12,    9,   85,   12,    4,   12,   41,   53,  276,   24,   11,    5,    5,10145,10190,   22,10064,    1,   13,    9,   70,    6,    8,   90,   97,    8,   81,   12,    3
  240,20211212,  215,   53,   56,   70,    4,   40,   18,  100,    3,   94,   57,    1,  115,   16,   53,    6,    0,    0,   82,  104,   67,   19,   10,10202,10234,   23,10173,    4,   14,    8,   65,   16,    8,   95,   97,    5,   92,   16,    1
  240,20211213,  201,   47,   48,   50,    1,   40,    9,   80,   11,   95,   86,   22,  105,    1,   79,   24,    2,    3,  132,    0,    0,    0,    1,10252,10259,   10,10237,    1,   65,    1,   70,    2,    8,   88,   91,    1,   84,   12,    2
  240,20211214,  217,   46,   47,   60,   13,   30,   18,   90,   22,   92,   80,    6,  104,   15,   74,    6,    0,    0,   57,   52,   19,    4,   14,10263,10277,   23,10251,    3,   17,    9,   62,    1,    8,   93,   96,    9,   88,    2,    1
  240,20211215,  233,   40,   43,   60,   11,   30,   22,  100,   11,   97,   48,   24,  112,   14,   21,   24,    0,    0,  118,    0,    0,    0,    1,10301,10334,   24,10275,    1,    5,   24,   75,   10,    7,   88,   98,   24,   72,   13,    2
  240,20211216,  250,   13,   17,   30,    1,    0,   20,   60,    7,   62,   19,    6,  109,   13,    5,   12,   63,   82,  329,    0,    0,    0,    1,10373,10402,   23,10335,    1,    0,   18,   62,   14,    4,   96,   99,    2,   87,   14,    4
  240,20211217,   39,   13,   17,   30,   11,    0,    6,   70,   10,   79,   72,    5,   87,   10,   72,    6,    0,    0,   92,    8,    2,    1,    8,10408,10414,   10,10399,    5,    6,    1,   70,   11,    8,   95,   98,    1,   90,   11,    1
  240,20211218,  350,   14,   21,   40,   24,   10,    2,   70,   12,   63,   50,    9,   77,    1,   52,   12,    0,    0,  136,    0,    0,    0,    1,10395,10408,    2,10369,   24,    6,   21,   65,   11,    8,   97,   98,    4,   93,   14,    2
  240,20211219,  327,   33,   35,   50,    4,   20,   22,   90,   12,   72,   64,    1,   77,   17,   56,   24,    0,    0,   76,   12,    3,    1,    8,10318,10363,    1,10287,   24,   16,    2,   72,   23,    8,   92,   98,    2,   79,   23,    1
  240,20211220,   32,   13,   18,   30,    8,    0,   17,   60,    8,   48,   -9,   24,   71,   12,  -32,   24,    5,    7,  161,    0,   -1,   -1,    1,10285,10291,   10,10280,    4,   57,   24,   80,   13,    6,   79,   98,   24,   66,   14,    2
  240,20211221,  106,   10,   12,   20,   11,    0,    4,   30,   11,   -1,  -36,    7,   62,   14,  -63,   24,   66,   86,  410,    0,    0,    0,    1,10268,10281,    1,10258,   14,    6,    4,   81,   13,    1,   88,   98,    2,   60,   13,    4
  240,20211222,  140,   24,   25,   40,   19,   10,    2,   60,   19,  -19,  -53,    5,    2,   13,  -70,    6,   41,   53,  261,    0,    0,    0,    1,10224,10261,    1,10158,   24,   19,    3,   70,   15,    8,   90,   97,    1,   83,   15,    3
  240,20211223,  204,   46,   51,   70,   19,   30,    6,  110,   22,   29,   -8,    4,   94,   24,  -16,    6,    3,    4,  126,   45,   20,    7,   24,10083,10152,    1,10031,   24,    8,   20,   70,    1,    8,   91,   98,   20,   82,    1,    1
  240,20211224,  274,   27,   51,   80,    2,   10,   18,  120,    2,   77,   31,   24,  102,    2,   31,   24,    0,    0,   78,   73,   49,    8,   12,10040,10062,   24,10029,    1,   39,    1,   65,   19,    8,   94,   96,    1,   90,    5,    1
  240,20211225,   74,   65,   66,   80,    8,   50,   20,  120,   12,  -11,  -41,   24,   31,    1,  -52,   24,   65,   85,  416,    0,    0,    0,    1,10092,10106,   19,10064,    1,   59,    3,   83,   11,    3,   70,   91,    1,   51,   13,    4
  240,20211226,   90,   41,   42,   50,    1,   40,    2,   90,   15,  -12,  -49,    3,   18,   22,  -60,    6,   27,   35,  230,    4,    1,    1,   23,10056,10091,    1,10018,   24,    9,   24,   83,    1,    6,   73,   98,   24,   62,    1,    2
  240,20211227,  132,   39,   40,   60,   20,   20,    5,   90,   20,   56,   16,    1,   89,   24,   16,    6,    0,    0,  119,   35,   12,    3,   19, 9974,10013,    1, 9932,   24,    1,   11,   64,   19,    8,   97,   99,    6,   94,   19,    2
  240,20211228,  225,   40,   70,  100,   13,   50,    1,  180,   13,   89,   74,    2,  103,   14,   66,    6,   11,   14,  104,   62,   39,   15,   13, 9914, 9997,   24, 9871,   13,   21,   18,   67,   13,    8,   93,   96,    1,   80,   14,    1
  240,20211229,  236,   45,   59,   90,   18,   30,    8,  150,   18,   95,   83,    9,  127,   18,   77,   12,    0,    0,   75,   44,   48,   12,   15,10046,10091,   24,10009,    1,   29,   16,   68,   19,    8,   92,   97,    4,   83,   21,    1
  240,20211230,  231,  100,  101,  120,   10,   50,    2,  190,   10,  127,   95,    1,  139,   23,   83,    6,    0,    0,  110,    0,   -1,   -1,    1,10127,10156,   21,10093,    1,   57,    1,   70,    7,    8,   90,   96,    4,   81,   23,    2
  240,20211231,  228,   87,   88,  120,    2,   60,   24,  180,    2,  126,   97,   24,  142,    2,   87,   24,   12,   15,  158,    0,   -1,   -1,    1,10171,10218,   24,10145,    6,   31,   24,   75,    1,    7,   84,   93,   24,   79,   12,    2
